title,reviews
인생은 아름다워 (Life is Beautiful),"2020.12.08 소식
롯데엔터네인먼트는 공식 입장을 통해 개봉 연기를 알렸다.
코로나19의 전국적 확산으로 인해 올해 개봉은 힘들어 보인다.


11월 25일 소식
영화 '인생은 아름다원'는 12월 16일 개봉 예정이었으나 역시 코로나19의 재확산으로 30일에 개봉할지를 두고 고민 중이라고 한다.



------------------------------------





영화 [인생은 아름다워] 메인 예고편 : 염정아, 류승룡, 옹성우, 박세완 : 2020.12






영화 [인생은 아름다워] 티저 예고편 : 염정아, 류승룡, 옹성우, 박세완 :2020.12: 뮤지컬 영화






영화 [인생은 아름다워] 뮤지컬 도전기 예고편 : 염정아, 류승룡, 옹성우, 박세완 : 2020.12





자신의 생일선물로 첫사랑을 찾아 달라는 황당한 요구를 한 아내 ‘세연’과
마지못해 그녀와 함께 전국 곳곳을 누비며 과거로의 여행을 떠나게 된 남편 ‘진봉’의 이야기
2020.12

감독: 최국희
출연: 류승룡, 염정아, 옹성우, 박세완, 옹성우

*영화 인생은아름다워 정보
https://movie.naver.com/movie/bi/mi/basic.nhn?code=187821


* 영상이 유익하셨다면 '구독'과 '좋아요'를 눌러주세요~ 구독은 큰 힘이 됩니다. ^^

* DON'T Re-upload or edit in ANY SHAPE or FORM!
* 일체 혹은 가공 재업로드를 금지하고 무단 자료 사용 역시 금합니다.
* 공유하기 형태로 퍼가시는 건 자유롭게 가능합니다.




































 

























 




아래는 보도스틸 사진들 ^^



 







 "
인생은 아름다워 (Life is Beautiful),"인생은 아름다워
감독
최국희
출연
류승룡, 염정아, 옹성우, 박세완
개봉
대한민국
리뷰보기




인생은 아름다워


뮤지컬 영화가 영화관을 찾아온다 

눈부시게 찬란한 시절을 돌아가 보는 영화

옛날에 즐겨 듣던 노래와 함께 영화를 만날 시간 

인생은 아름다워 를 보려 가볼까요?










무뚝뚝한 남편 '진봉'과 

무심한 아들 딸을 위해 헌신하며 살아온 '세연'

어느 날 자신에게 시간이 얼마 남지 않았다는 것을  알게 된다.


생일 선물로 문득 떠오르는 자신의 첫 사랑을 찾아 달라는 '황당한 요구를 한다.

여행길에 따라 나선 '진봉'은 아무런 단서 없이 이름 석 자 만 가지고 

무작정 전국 방방 곡곡 을 누빈다

두 사람은 가는 곳곳마다 자신들의 찬 란 했던 지난날 소중한 기억을  하나 둘 떠올리는데  

'세연의 첫사랑은 어디에 '

그들의 여행은 무사히 마칠수 있을까?




https://tv.naver.com/v/16073670
동영상
'인생은 아름다워' 티저 예고편
네이버 영화 예고편 저장소
tv.naver.com


 자료출처 :네이버"
인어가 잠든 집 (The House Where the Mermaid Sleeps),"(C) 2018 <인어가 잠든 집> 제작위원회

수많은 저서를 영상화되어 온 작가 히가시노 게이고의 소설을 원작으로 한 미스터리.

사고로 중태에 빠진 소녀의 부모가 가혹한 선택을 강요받게 됩니다. 
연출은 <트릭> 시리즈 등의 츠츠미 유키히코.

<언페어> 시리즈 등의 시노하라 료코가 주연을 맡았으며 <MOZU> 시리즈 등의 니시지마 히데토시 등이 출연합니다.
각본은 NHK 연속 TV 소설 <마레>와 드라마 시리즈 <범죄 증후군> 등의 시노자키 에리코가 담당하였습니다.

(C) 2018 <인어가 잠든 집> 제작위원회

[일본 영화] 인어가 잠든 집 (人魚の眠る家 (2018)) 영화 줄거리

회사 경영자의 하리마 카즈마사(니시지마 히데토시)와 아내 카오루코(시노하라 료코)는 두 아이를 낳았지만 현재 별거하고있다.

어느 날, 딸 미즈호가 수영장에서 빠져 의식 불명이되고 의사에게 뇌사 진단을 받게 된다.
장기 기증을 희망하거나 이대로 죽음을 기다리는 선택을 강요하는 부부는 고민 끝에 장기 기증을 결심하지만, 카오루코가 순간 미즈호의 손이 움직이는 것을 보고 그것을 철회한다.

카즈마의 회사가 개발한 최첨단 기술을 구사한 연명 치료가 시작하고 그녀는 잔 채로 성장해가는데 ...

(C) 2018 <인어가 잠든 집> 제작위원회

[일본 영화] 인어가 잠든 집 (人魚の眠る家 (2018)) 영화 예고편

 
(C) 2018 <인어가 잠든 집> 제작위원회

http://ningyo-movie.jp
映画『人魚の眠る家』公式サイト
東野圭吾原作 衝撃と感涙のヒューマンミステリー。映画『人魚の眠る家』2018年11月16日（金）全国公開
ningyo-movie.jp"
인어가 잠든 집 (The House Where the Mermaid Sleeps),"인어가 잠든 집
감독
츠츠미 유키히코
출연
시노하라 료코, 니시지마 히데토시, 사카구치 켄타로, 카와에이 리나
개봉
2022.01.28. 일본
평점
리뷰보기



츠츠미 유키히코 감독이 연출한 <인어가 잠든 집>은 일본의 대표 장르 작가 중 한 명인 히가시노 게이고의 원작을 영화한 작품입니다.
  딸 미즈호와 행복한 나날을 보내는 카오루코(시노하라 료코)는 친정어머니에게 아이를 맡기고 별거 중인 남편 카즈마사(니시지마 히데토시)와 함께 미즈호의 진학 상담을 받으러 학교에 갑니다. 하지만 그 사이에 수영장에서 사고를 당한 미즈호가 응급실에 갔다는 소식을 듣고 둘은 병원으로 향합니다. 안타깝게도 미즈호는 의식을 잃게 됩니다.
  의사는 카오루코와 카즈마사에게 뇌사 인정과 함께 장기 기증을 제안합니다. 이를 인정하고 미즈호와 마지막 인사를 하려던 순간 미즈호의 미세한 움직임을 간파한 카오루코는 미즈호가 살아있음을 느끼고 치료를 지속하려고 합니다. 때마침 카즈마사의 회사 직원 중 한 명인 호시노(사카구치 켄타로) 뇌과학 쪽에서 새로운 기술을 도입하려고 하는데 그 기술이 미즈호의 치료에 도움을 줍니다.
  영화의 초중반부까진 시한부 혹은 미즈호의 경우처럼 뇌사 판정을 받은 환자에 대한 인생의 마무리 혹은 그에 대한 애틋함을 강조하는 작품처럼 여겨져 히가시노 게이고의 작품치곤 평범하다는 생각이 들었습니다. 하지만 미즈호가 신기술을 통한 움직임이 조금씩 늘어나고 카오루코의 치료에 대한 집착이 커지면서 장르적인 재미(?)가 조금씩 생기기 시작합니다. 비록 후반부에 카오루코의 캐릭터가 행하는 액션이 너무 과잉적인 것이 아쉽지만 어느 정도 히가시노 게이고의 색깔이 나타나는 작품임엔 분명한 것 같았습니다.
  히가시노 게이고의 다른 작품에 비해 분명 신파적인 요소가 큰 작품입니다. 이는 자식과 부모간의 이야기이기때문에 어쩔 수 없는 흐름이라 뭐라 할 수는 없는 것 같습니다. 어느 정도의 선만 지킨다면 큰 거부감이 없을 것이고 이 작품은 살짝 그 선을 넘은 것으로 보이나 불편할 정도는 개인적으로 아니었습니다.
  원작 작가의 이름이 너무 커서 연출적인 특징은 솔직히 크게 와 닿는 부분이 작은 작품이었지만 배우들의 케미스트리는 나쁘지 않은 작품이었습니다. <드라이브 마이 카>만큼은 아니었지만 니시지마 히데토시와 시노하라 료코의 연기가 인상 깊은 작품이었습니다."
인어가 잠든 집 (The House Where the Mermaid Sleeps),"인어가 잠든 집
감독
츠츠미 유키히코
출연
시노하라 료코, 니시지마 히데토시, 사카구치 켄타로, 카와에이 리나
개봉
일본
리뷰보기












츠츠미 유키히코 감독

히가시노 게이고 소설 원작

다작왕 감독과 다작왕 작가

결과는?

추천

뇌사상태에 빠진 아이를 키우는 부모의 간절함을 그리고있다.

또한 죽음을 뇌사, 심정지 어느것이 죽음인지를 질문하고있다..


히가시노 게이고 원작 영화는 그렇게 좋아하는 작품이 많이 없지만

이 작품 강력추천이다


연명치료를 하면서 혹시 모르는 기적을 바라는 심정과 동시에

기증이 필요한 어린아이.. 두 가지 상황도 나오고 꽤 이러한 인생에서 굉장히 중요한 선택을 관객들에게 보여주고 있다

캐릭터가 바라보는 시선에 따라 달라지는 빛과 조명등의 연출 또한 굿또다제

배우들의 연기력도 좋다..

일단 무조건 보시길

출연: 시노하라 료코, 니시지마 히데토시, 사카구치 켄타로, 카와에이 리나, 야마구치 사야카, 다나카 테츠시, 타나카 민, 마츠자카 케이코,사이키 시게루, 오오쿠라 코지, 스루가 타로, 미스터 친, 엔도 유야, 리즈 고"
인어가 잠든 집 (The House Where the Mermaid Sleeps),"영화 [인어가 잠든 집] 메인 예고편(한글) : 시노하라 료코, 사카구치 켄타로 : 2022.01



어느 날 사랑하는 딸에게 닥친 뇌사라는 비극.
나는 아직 내 아이의 손을 놓을 준비가 되지 않았습니다.

소중한 딸 ‘미즈호’에게 어느 날 갑작스러운 사고가 일어난다.
사고 이후 ‘미즈호’의 의식은 돌아오지 않고, 의사는 뇌사 선고와 함께 장기 기증을 제안한다.
마지막 인사를 하던 그때, 엄마 ‘카오루코’는 ‘미즈호’의 미세한 움직임을 느끼고 장기 기증을 거절한다. 모두가 ‘미즈호’가 일어나지 못할 거라고 말하지만 ‘카오루코’는 언젠가 일어날 것이라는 기적을 믿는다.
 안녕, 엄마. 건강하게 잘 지내
사랑하는 나의 아가, 영원히 영원히 지켜줄게
2022.01 / 人魚の眠る家, The House Where the Mermaid Sleeps, 2018

원작: 히가시노게이고 
감독: 츠츠미 유키히코
출연: 시노하라 료코, 니시지마 히데토시, 사카구치 켄타로

* 정보
https://movie.naver.com/movie/bi/mi/basic.naver?code=180423


* 영상이 유익하셨다면 '구독'과 '좋아요'를 눌러주세요~ 구독은 큰 힘이 됩니다. ^^


















 "
인어가 잠든 집 (The House Where the Mermaid Sleeps),"영화 [인어가 잠든 집] 메인 예고편(한글) : 시노하라 료코, 사카구치 켄타로 : 2022.01



어느 날 사랑하는 딸에게 닥친 뇌사라는 비극.
나는 아직 내 아이의 손을 놓을 준비가 되지 않았습니다.

소중한 딸 ‘미즈호’에게 어느 날 갑작스러운 사고가 일어난다.
사고 이후 ‘미즈호’의 의식은 돌아오지 않고, 의사는 뇌사 선고와 함께 장기 기증을 제안한다.
마지막 인사를 하던 그때, 엄마 ‘카오루코’는 ‘미즈호’의 미세한 움직임을 느끼고 장기 기증을 거절한다. 모두가 ‘미즈호’가 일어나지 못할 거라고 말하지만 ‘카오루코’는 언젠가 일어날 것이라는 기적을 믿는다.
 안녕, 엄마. 건강하게 잘 지내
사랑하는 나의 아가, 영원히 영원히 지켜줄게
2022.01 / 人魚の眠る家, The House Where the Mermaid Sleeps, 2018

원작: 히가시노게이고 
감독: 츠츠미 유키히코
출연: 시노하라 료코, 니시지마 히데토시, 사카구치 켄타로

* 정보
https://movie.naver.com/movie/bi/mi/basic.naver?code=180423


* 영상이 유익하셨다면 '구독'과 '좋아요'를 눌러주세요~ 구독은 큰 힘이 됩니다. ^^


















 "
인어가 잠든 집 (The House Where the Mermaid Sleeps),"- 믿고 보는 일본 대표 연기파 배우 <써니> 시노하라 료코!
- 거장의 러브콜을 받는 노련한 연기 장인 <드라이브 마이 카> 니시지마 히데토시!
- 훈훈한 외모 이상의 연기력 <바닷마을 다이어리> 사카구치 켄타로까지!
  ▲ ‘인어가 잠든 집’ 메인 포스터 [사진: 하이라이트] 
▲ ‘인어가 잠든 집’ 메인 포스터 [사진: 하이라이트]

국내에서 큰 사랑을 받는 일본 최고의 베스트셀러 작가 히가시노 게이고 소설을 원작으로 하는 영화 <인어가 잠든 집>이 일본 대표 연기파 배우들의 만남으로 주목받고 있다.
어느 날 갑작스러운 사고로 뇌사 상태에 빠진 딸 ‘미즈호’의 의식을 되찾기 위해 엄마 ‘카오루코’가 선택한 마지막 희망으로 기적과 같은 날들을 경험하는 감동 드라마 <인어가 잠든 집>은 일본 추리 소설계를 대표하는 작가 히가시노 게이고의 소설 원작을 바탕으로 탄생된 영화이다.
1월 28일 개봉을 앞두고 원작 소설 작가 히가시노 게이고의 명성에 걸맞은 일본 대표 연기파 배우들의 캐스팅과 명연기로 화제를 모은다.
▲ 좌측부터 시노하라 료코, 니시지마 히데토시, 사카구치 켄타로 [출처: 구글]

먼저, 믿고 보는 일본 대표 연기파 배우 시노하라 료코가 <인어가 잠든 집>에서 딸을 향한 강한 모성애를 보여주는 엄마 ‘카오루코’ 역을 맡아 관객들의 마음을 울릴 예정이다. 1990년, 아이돌 그룹 ‘도쿄 퍼포먼스 돌’로 연예계에 데뷔한 시노하라 료코는 2001년 본격적으로 배우 활동을 시작한 후 2004년 첫 주연을 맡고, 이후 드라마 [아네고], [언페어], [파견의 품격] 등이 연달아 히트하며 대중들에게 배우로서의 이미지를 각인시킴과 동시에 입지를 확고히 굳혔다. 영화 <냉정과 열정 사이>, 일본 리메이크작 <써니> 등에 출연하여 인상적인 연기를 선보인 시노하라 료코는 <인어가 잠든 집>에서 딸을 잃을지도 모르는 상황에 처한 엄마 ‘카오루코’에 완벽히 몰입하여 인생 연기를 선보였으며, 이를 통해 제43회 호치 영화상 여우주연상을 수상하는 영예를 누렸다.
 안정적인 연기로 거장의 러브콜을 받는 니시지마 히데토시는 <인어가 잠든 집>에서 뇌사 상태에 빠진 딸과 딸을 위해 헌신하는 아내의 곁을 지키는 아빠 ‘카즈마사’ 역을 맡았다. 1992년 배우로 데뷔한 이후 다양한 연기 활동을 펼친 니시지마 히데토시는 영화 <귀향>으로 제15회 일본 영화 프로페셔널 대상 남우주연상, 제20회 타카사키 영화제 최우수 남우주연상을 수상하고, 이란의 거장 아미르 나데리 감독의 영화 <컷>에서 흠잡을 데 없는 완벽한 연기로 평단과 관객들의 열렬한 지지를 받으며 제21회 일본 영화 프로페셔널 대상 남우주연상, 제26회 타카사키 영화제 최우수 남우주연상을 수상하며 일본 대표 연기파 배우로서의 입지를 공고히 다졌다. 또한 니시지마 히데토시는 제74회 칸영화제에서 각본상을 수상하며 전 세계 영화계의 주목을 받고 있는 젊은 거장 하마구치 류스케 감독의 <드라이브 마이 카>에서 주연을 맡아 소설 원작 영화를 훌륭히 소화하여 이번 <인어가 잠든 집>에서 보여줄 또 한 번의 명품 연기에 대한 기대를 높인다. 여기에 훈훈한 외모와 그 이상의 연기력을 입증한 사카구치 켄타로의 <인어가 잠든 집> 출연 소식은 많은 팬들의 마음을 설레게 만든다.
 ‘일본의 서강준’이라는 수식어로 국내에서도 큰 인기를 얻고 있는 사카구치 켄타로는 2010년 패션모델로 정식 데뷔하여 활발한 활동을 이어가다 2014년 영화 <샨티 데이즈 365일, 행복한 호흡>으로 배우로서의 커리어를 시작했다. 이후 영화 <64 파트 1>과 <64 파트 2>에서 보여준 탄탄한 연기로 제40회 일본 아카데미상 신인 배우상과 제41회 엘란도르상 신인상을 수상하며 화려한 비주얼 못지않은 연기력을 인정받았다. 그 외에도 영화 <바닷마을 다이어리>, <너와 100번째 사랑>, <오늘 밤, 로맨스 극장에서> 등을 통해 쉼 없이 다양한 연기 활동을 펼쳐나가는 사카구치 켄타로는 <인어가 잠든 집>에서 IT 업체 연구원 ‘유야’ 역으로 변신해 지금까지 볼 수 없었던 색다른 연기를 선보일 예정이다.
 히가시노 게이고의 또 다른 소설을 원작으로 한 영화 <천공의 벌>로 제40회 호치 영화상 감독상을 수상한 츠츠미 유키히코가 <인어가 잠든 집>의 연출을 맡아 일본 대표 연기파 배우들의 명품 연기를 다양한 측면에서 세심하게 담아내어 예비 관객들의 기대를 끌어올린다.
  일본 대표 연기파 배우들이 모여 어디서도 볼 수 없는 연기 앙상블을 이루는 <인어가 잠든 집>은 1월 28일 전국 극장에서 만나볼 수 있다.
https://youtu.be/tnDDyMrG1xw
동영상
인어가 잠든 집 예고편
히가시노 게이고 30주년 기념 출판 소설.-인어가 잠든 집- 한국 개봉예정.
youtu.be"
인어가 잠든 집 (The House Where the Mermaid Sleeps),"  인어가 잠든 집
리뷰보기
감독 츠츠미 유키히코 출연 시노하라 료코, 니시지마 히데토시, 사...



  옛날에 자주갔던 추억이 많던 좋아하는 사람이랑 갔던  ""전주독립영화관""에 영화를 보러 갔다. 하지만 영화관 자체가 오랜만이라서 들뜬 맘으로 영화를 보러 갔다. 그리고 특별히 이 영화관을 선택한 것은 내가 좋아하는 작가 ""히가시노 게이고"" 좋아하는 작품인 ""인어가 잠든 집""을 원작으로 만든 영화가 이 영화관만 상영해서 여기로 간 것도 있다. 하여튼 오랜만에 전주 나들이라 좋았다. 

 결론적으로 영화는 원작보다 감동적이 못 했다. 상영시간 때문에 책 원작에 나와있는 사랑 이야기(여자 주인공과 남편 조수와의 사랑이야기 불륜이지만 말이다)도 빠진 것도 있고, 연기가 너무나 일본스러움이 나와 있어서 좀 그랬다. 예를 들어 주인공 엄마가 영화에서 계속 계속 딸에게 머리 숙이며 ""미안해 내가 죽일 죄를 지었어""(손녀를 뇌사 상태로 빠진게 자기 탓이라 생각해서) 말하는 게 좀 지나치게 많이 나와 지치기도 했다. 하지만 ""사노하라 료쿄 "" 딸에 대한 모성애 연기는 책보다 더 진하게 느낄 수 있어 좋았다.(마지막 장면에 눈물이 울었다.) 


(사노하나 료쿄, 니시지마 히데토시)


  즐거리는 사랑하는 딸이 사고로 뇌사상태 빠진 비극을 다루고 있다. 여기서 남편의 회사 조수가 로봇시스템 연구를 딸에게 처음으로 도입해 마치 살아있는 사람처럼 움직이는 하지만 자기 스스로 움직이는 게 아니라, 스위치 버튼으로 신체를 움직이는 기이한 방식으로 인간에 대한 삶과 성찰을 다룬 이야기이다.  


 이 영화를 보면서 많은 생각이 들었다. 죽었다는 기준은 뭘까? 살아있는 데 그게 죽은 걸까? 딸이 마치 살아있는 상태(뇌사상태)지만 의사들은 죽었다 말하고 딸의 신체를 장기기증으로 권한다면 부모로서 얼마나 힘들까?라는 많은 생각이 들었다. 

  그리고 난 아무것도 생각하기 싫었다. 우리 가족이 그런 상태라면 난 딸 몸에 기계를 달고 마치 살아있는 상태로 만든 엄마를 욕할 수 없을 것 같다. 사람들은 그만 놓아주라고 포기하라고 말하지만 딸이 움직이는 것 살아있을 것 같다라는 내일이면 엄마라고 부르면 방문을 열 것만 같은 딸에 대한 사랑을 그 누구도 뭐라 할 수 없을 것이다. 이 영화는 모두에게 권하고 싶다. 특히 부모라면 말이다. 

  "
인어가 잠든 집 (The House Where the Mermaid Sleeps),"인어가 잠든 집
감독
츠츠미 유키히코
출연
시노하라 료코, 니시지마 히데토시, 사카구치 켄타로, 카와에이 리나
개봉
2022.01.28. 일본
리뷰보기

히가시노 게이고 책은 거의 다 읽는 편이지만, 
이 책은 이상하게 손이 안갔었다. 
영화로나마 볼 수 있어서 다행이다 싶었는데, 
음, 이런 내용이었군. 

영화의 마지막 20분 정도만 봐도, 
충분히 이해되는. 
완시청하지 않아도 될만한 영화. "
인어가 잠든 집 (The House Where the Mermaid Sleeps),"인어가 잠든 집
감독
츠츠미 유키히코
출연
시노하라 료코, 니시지마 히데토시, 사카구치 켄타로, 카와에이 리나
개봉
2022.01.28. 일본
평점
리뷰보기

소중한 딸 ‘미즈호’에게 어느 날 갑작스러운 사고가 일어난다. 사고 이후 ‘미즈호’의 의식은 돌아오지 않고, 의사는 뇌사 선고와 함께 장기 기증을 제안한다. 마지막 인사를 하던 그때, 엄마 ‘카오루코’는 ‘미즈호’의 미세한 움직임을 느끼고 장기 기증을 거절한다. 모두가 ‘미즈호’가 일어나지 못할 거라고 말하지만 ‘카오루코’는 언젠가 일어날 것이라는 기적을 믿는다. 안녕, 엄마. 건강하게 잘 지내 사랑하는 나의 아가, 영원히 영원히 지켜줄게

    
미스터리의 제왕 '히가시노 게이고'의 작품 가운데 휴먼 미스터리로 꽤 호평을 받았던, '인어가 잠든 집'을 스크린으로 만나보았다.
뇌사상태인 딸의 죽음을 받아들이고 장기기증을 허락할 것인가..아니면 단 0.0001%의 희망일지라도 호전될 가능성을 기대하고 연명치료를 계속할 것인가..
예전에 읽은 책에서, 식물인간인 아이의 부모가 더 이상의 희망을 버리고 안락사를 신청했을 때, 그 식물인간 아이는 죽기 싫다고, 자신을 버리지 말라고 마음속으로 운다. 그러나 그 외침이 부모에게는 도달할 수 없는 것을...

꼭 이런 책을 접하지 않더라도, 영화 속 미즈호의 엄마의 결정에 대해 부모의 입장과, 미혼 혹은 아직 아이가 없는 부부의 입장은 확연히 다를 꺼라 생각된다. 즉, 부모라면 뇌사상태라 하더라도, 더군다가 착각인지 정말인지는 모르지만 아이의 손가락이 미세하게나마 움직인 것을 느낀 상황에서 아이를 포기하지는 못할 것이다. 정도의 차이는 있겠지만 치료를 결정하지 않을까 싶다. 
그러나, 인정하기는 싫지만 내 아이의 생명이라 할지라도 경제적인 조건은 따라다니게 되어 있기에, 영화 속 부모처럼 경제적으로 가능한 경우 그렇게 몇년씩 모든 방법을 동원해서 치료를 할 수 있을 꺼라 생각한다. 상대적으로, 장기기증을 기다리던 영화 속 또 다른 아이는 큰 수술을 위해 모금운동을 벌이는 입장이다. 

답은 없다. 그런 상황에서 장기기증을 허락하지 않는다고 비난해서도 안되고, 보호자가 심리적 압박 내지는 죄책감을 가져서도 안된다고 생각한다. 
단지, 부모가 또는 보호자가 장기이식에 동의를 하면 그때서야 의사가 '사망판정'을 내리게 되는 일본의 법이 참 모호하고 가혹하다는 생각이 든다. 

이 영화는 미즈호의 엄마인 카오루코 역을 맡은 시노하라 료코의 열연이 최고였다고 생각한다. 자칫 지루하고 뻔하게 진행될 수 있는 분위기를 이 배우의 연기 - 엄마의 절박한 심정, 때로는 광기와 집착으로까지 이어지는 행동 등 - 하나만으로 120분의 런닝타임에 몰입할 수 있었다.
도덕적 윤리, 과학기술, 모성의 복합적인 요소들이 더해져 관객들의 다양한 의견을 끄집어내는 힘이 있는 내용이었다. 

여담이지만, 미즈호가 당한 사고는 우리 주변에서도 언제나 너무도 쉽게 일어날 수 있다는 사실을 다시 한번 되새기게 된다. 




   














 "
인어가 잠든 집 (The House Where the Mermaid Sleeps),"인어가 잠든 집
감독
츠츠미 유키히코
출연
시노하라 료코, 니시지마 히데토시, 사카구치 켄타...
개봉
2022.01.28. 일본
리뷰보기





일본의 베스트셀러 작가인 히가시노 게이고가 작가 데뷔 30주년을 기념해서 2015년에 
발간된 작품인「인어가 잠든 집」이 시노하라 료코,니시지마 히데토시 출연으로 영화화되어 
2018년 11월에 일본에서 개봉되었고 3년이 지나 드디어 한국관객을 만나러 왔다. 

이 작품은 충격적인 내용으로 인해 일본에서도 발매 당초부터 많은 화제가 되었고
심지어 작가 자신조차 이런 이야기를 내가 써도 되는건가..라는 고민을 했었다고 한다.

두 자녀를 둔 하리마 가오루코와 IT기기 업체를 경영하는 남편 가즈마사.
딸의 초등학교 입시가 끝나면 이혼하기로 약속한 부부에게 갑작스런 비보가 날아든다.
딸 미즈호가 수영장에 빠져 뇌사상태에 빠지고 만다.
의사는 회복 가능성은 없다고 한다. 

뇌사를 인정할 것 장기를 기증할 것인지, 연명치료를 더 해나갈것인지 고민하던 그때
엄마는 미세하게 움직이는 딸의 손을 보게 된다.
그리고 내 딸은 살아 있다고 믿게 된다.


딸을 살리기 위해 아버지는 회사의 연구원이 개발하고 있던 최첨단 기술을 구사해 전례 없는 연명 치료를 개시한다.
치료 결과, 딸은 그저 잠든 것처럼 아름다운 모습을 되찾아 간다.
그 모습은 엄마인 가오루코의 광기를 일깨워, 차츰 가오루코의 행동은 점점 심해져 간다.

내가 사랑하는 나의 아이가 건강하게 잠들어 있는 것으로 밖에는 보이지 않는데, 
의사에게 더는 생명이 없다는 선고를 받고, 다른 이들은 모두 죽었다고 한다면 
받아들일 수 있을 것인가.

남들은 쉽게 말할지 모른다. 그렇게 끌어안고 있어봐야 아무것도 느끼지도 못하고
아이에게도 괴로운 일이라고..
하지만 단언컨데 엄마들만은 그 사실을 쉽게 받아들이지 못할것이다.
엄마이기에 그렇게 함부로 자신의 분신과도 같은 자식을 쉽게 포기하지 못하는 것이다.



나는 이 영화를 보면서 많은 생각에 빠졌다.
뇌사 상태에 빠진 딸은 살아 있는 것일까.. 죽은 것일까..
딸은 환자인가..시체인가..
세계에서도 전례가 없는 기술고 딸을 되찾을려고 고군분투하며 
기적을 믿는 가족들의 생각은 사랑일까.. 광기일까..
그 누구도 내가 그 입장이 된다면 쉽게 말하지 못할것이다.

인간이기에 생명은 유한하고, 원치않지만 사랑하는 이들과 영영 이별을 하는 순간을 맞는다.
사랑하는 이의 갑작스러운 죽음을 맞이하게 된다면 많은 이들은 그것을 받아들일 
준비가 안된 상태에서 현실을 부정하게 마련일 것이다.
영화에서처럼 마치 잠든것 같이 고요한 아이의 모습을 보고 있다면 더더구나 현실을 회피하게
될것이다. 그녀의 행동이 다른 이들에게는 시체를 끌어안고 사는.. 미친짓으로 보일지 몰라도, 
우리는 감히 누구도 함부로 손가락질을 하면 안된다.

엄마 역활의 시노하라 료코의 딸을 향한 강한 모성애 연기는 정말 인상적이었다.
많은 엄마들의 눈물샘을 자극하기 충분할 정도의 열연을 보이고 있다. 


인어가 잠든 집
히가시노 게이고는 왜 제목을 인어가 잠든 집이라고 했을까..
미즈호는 수영장을 너무 좋아하던 여자아이였다.
수영장에서 사고를 당해 깊은 잠을 자듯 죽음을 맞은 그녀이기에 인어라고 하였던 걸까..
어쩌면 슬프고도 아름다운 라스트씬이 물거품이 되어 사라지는 인어공주의 이야기를 
닮아서일까..
생각할수록 여운과 슬픔이 남는 영화 [인어가 잠든 집]이다. 


 


[이 글은 초대권을 제공받아 주관적인 견해에 의해 작성하였습니다. ]



[출처] <인어가 잠든 집> 예매권 이벤트 당첨자 및 후기 링크 (컬처블룸★체험,리뷰,라이프,건강,맛집,뷰티,도서,영화,공연전시) | 작성자 필리스"
인어가 잠든 집 (The House Where the Mermaid Sleeps)," 동네 아이들이 골목에서 캐치볼 놀이를 하다가 ‘인어’의 집에 공이 떨어지자, 다른 아이들의 만류에도 불구하고 소고는 아무렇지 않게 그 집 마당에 들어간다.

공을 주운 후, 마당을 둘러보던 소고는 유아차에 앉아 잠이 든 미즈호를 발견하고 한참 쳐다본다.

사실 미즈호는 예전에 외할머니와 함께 수영장에 갔다가 배수구에 손가락이 끼어 물속에서 제때 나오지 못해 뇌에 산소공급이 중단돼 뇌사 직전의 상태에 이르렀다.

의사는 보통 이런 경우 며칠 내에 죽거나 아이들의 경우 몇 달도 살지만, 회복된 사례는 없다며 혹시 장기기증을 할 생각은 없는지 묻는다.

그는 만약 장기기증에 동의하면 바로 뇌사 판정을 내려 사망으로 간주해 장기를 적출하고, 동의하지 않으면 생명유지 장치로 연명하다가 심장이 멈추면 그제야 사망으로 처리한다고 설명한다.

참고로 이는 일본에 국한된 특수한 경우라고 덧붙인다.

이에 미즈호의 엄마는 애가 몇 달이라도 살 수 있다면서 바로 장기를 떼어낸다는 건 말이 안 된다고 생각해 강하게 반대한다.

그런데 또 미즈호 입장에서 생각해 보면, 자기는 이미 행복하다며 다른 사람을 위해 행운의 네 잎 클로버를 꺾지 않는 아이였기에, 다른 이에게 장기기증을 하지 않았을까 싶어 결국 장기기증에 동의한다.

하지만 장기 적출을 앞두고 미즈호가 손가락을 살짝 움직이자 미즈호의 엄마는 딸이 살아 있다며 장기기증 의사를 철회한다.

한 달째 큰 탈이 없자 미즈호의 엄마는 애를 집으로 데려가겠다고 의사에게 말한다. 의사도 뭐 그렇게 해도 딱히 상관은 없을 것 같다며 동의한다.

미즈호의 엄마는 남편에게 애를 간병하려면 자기가 일을 관둬야 하는데, 혹시 이혼을 없던 일로 해 줄 수 없는지 묻는다. 이에 남편도 그렇게 하자며 동의한다.

그렇게 엄마와 외할머니, 그리고 가정방문 간호사 등이 달라붙어 미즈호를 돌본다.

여기에 장애인을 위한 첨단 의료기기를 만드는 미즈호의 아빠가 딸이 인공호흡기 없이 자가호흡 할 수 있는 기계를 딸 몸속에 넣은 까닭에 상태가 호전된다.

이에 미즈호의 아빠는 또 다른 방법으로 미즈호의 신체를 움직일 수 있게 하는 기술을 시도하기로 한다.

그 방법은 전기를 이용해 미즈호의 뇌에서 인위적으로 뇌파를 생성해 척추에 신호를 보내 몸을 움직이게 하는 것.

어쨌든 아이가 몸을 계속 움직이자 건강상태도 조금씩 좋아진다.

하지만, 회사 내 다른 직원은 장애인을 위해 일하는 자신들이 이미 죽은 것이나 마찬가지인 미즈호의 몸을 움직이게 하는 게 무슨 의미가 있냐며 부정적인 의견을 드러내기도 한다.

그럼에도 불구하고, 담당자인 유야는 애인 마오와 데이트할 시간도 없이 미즈호에게 메달린다.

중요한 약속도 잊고, 전과 달리 요즘은 무슨 일 하는지 자세히 말도 안 해주자 마오는 유야의 뒤를 밟는다.

그렇게 마오는 미즈호의 집까지 쫓아가고, 미즈호의 상황을 알게 된다.

평소 장애인이 스스로 인간으로서의 존엄성을 유지할 수 있도록 기술을 개발하는 유야가 참 멋있다고 생각하던 마오는 실망한다.

게다가 회사 임원들은 유야를 사장이 사적인 일에 동원해 원래 추진하던 프로젝트가 늦어지자 불만을 드러낸다.

여기에 회사 창업주이기도 한 미즈호의 외할아버지 역시 미즈호의 아빠에게 개인적인 욕망을 채우려고 하다간 끝도 없다며 반대의사를 전한다.

그러거나 말거나 미즈호의 엄마는 마치 꼭두각시처럼 미즈호를 조종하며 기뻐한다.

이 모습을 본 미즈호의 아빠는 아내와 유야가 미즈호를 인격체로 보는 건지 그냥 장난감으로 여기는지 싶어 그런 상황을 만든 유야에게 화를 낸다.

그럼에도 불구하고, 미즈호의 엄마는 매일 같이 딸을 유아차에 태워 밖으로 데리고 나간다.

엄마의 이런 행동에 이제 막 초등학교에 입학한 이쿠토는 누나는 진작 죽었는데, 엄마가 기계로 그냥 움직이게 하는 것뿐이지 않냐며 쓴소리를 한다.

미즈호가 분명히 살아있는데 밖에 데리고 나가는 게 왜 문제인지 이해가 안 되는 미즈호의 엄마는, 미즈호가 전시품도 아니고 왜 자꾸 데리고 나가냐는 남편과 크게 싸운다.

미즈호 엄마의 집착은 점점 커져 가고, 결국 그녀는 극단적인 행동을 통해 미즈호가 살아있음을 증명하려 든다.

2020년 보건복지부의 <노인실태조사>에 따르면, 남성 노인의 3.9% 여성 노인의 3.1%만이 사후 장기기증 의사를 밝힌 것으로 조사됐다.

국립장기조직혈액관리원 <장기 등 이식 및 인체조직> 통계 자료에 따르면 지난해 장기기증 뇌사자는 총 442명으로 2020년보다 36건(7.5%) 감소했다. 

뇌사자 장기기증을 통한 이식 건수(1,478건) 역시 7.5%가량(2020년 1,599건) 줄어든 가운데, 장기별로 ▲신장 747건 ▲간 357건 ▲췌장 37건 ▲심장 168건 ▲폐 167건 ▲소장, 손·팔 각 1건의 장기이식이 이뤄졌다. 

신장·간 이식이 각각 101건, 38건 줄었고, 폐·췌장 이식은 17건, 5건 늘었다. 

같은 기간 뇌사자와 생존자, 사후 장기이식을 모두 더한 전체 장기이식 건수는 5,674건을 기록하면서 2019년부터 3년 연속 감소하는 모습을 보였다.

반면 장기이식 대기자(누계)는 2020년 4만3,182명에서 지난해 4만5,855명으로 2,673명 증가했다.

당연히 가족의 죽음을 쉽게 받아들이긴 힘들다. 특히 금이야 옥이야 키운 자식을 먼저 보내야 한다는 건 쉬운 일이 아니다.

그럼에도 불구하고, 미즈호의 엄마처럼 뇌사상태에 빠진 딸에게 미련을 못 버리고 끝까지 무리하게 생명을 유지하는 것은 가뜩이나 코로나19로 장기기증이 줄어든 상황에서 더 많은 생명을 사지로 몰아넣는 것이나 마찬가지다.

과연 사람의 목숨은 언제 끝났다고 할 수 있는지, 그리고 장기기증에 대해 생각할 기회를 주는 영화 <인어가 잠든 집>은 오는 28일 개봉한다.

/마이스타 이경헌 기자

기사 원문보기 http://www.mystar.ne.kr/archives/9804
[마이스타] 장기기증에 대한 화두 던져
동네 아이들이 골목에서 캐치볼 놀이를 하다가 ‘인어’의 집에 공이 떨어지자, 다른 아이들의 만류에도 불구하고 소고는 아무렇지 않게 그 집 마...
www.mystar.ne.kr
인어가 잠든 집
감독
츠츠미 유키히코
출연
시노하라 료코, 니시지마 히데토시, 사카구치 켄타로, 카와에이 리나
개봉
2022.01.28. 일본
리뷰보기
 "
인연을 긋다 (An Uncomfortable Relationship)," 일찍이 귀덕(정영숙 분)은 남편과 사별한 후 홀로 두 아들을 키웠다. 어디 가서 ‘아비 없는 자식’ 소리 안 듣게 하려고 예절원을 운영하면서 반듯하게 키우려고 애썼다.

또 기죽지 말라고 늘 좋은 것만 해 주려고 노력했다. 그런 까닭에 둘째 아들(양재원 분)을 미국으로 유학 보냈다.

귀덕은 곱게 자란 큰며느리 혜란(조은숙 분)은 마음에 들지만, 양계업에 종사하는 집 딸인 둘째 며느리 인숙(김지영 분)은 영 마음에 안 든다.

자기 부모 닮아 ‘백정’의 삶을 살까 싶어 색안경 끼고 보기 시작하니 하나부터 열까지 다 마음에 안 든다.

어떻게 찻물도 하나 제대로 못 끓여서 너무 뜨겁다고 찬물을 섞다니 참 마음에 안 든다.

그런 인숙을 곁에서 바라보는 혜란은 안타까워 인숙을 돕기로 마음 먹는다. 서방님이 미국에서 바람났다는 소식에 혜란은 시어머니 몰래 비행기 표와 용돈까지 준비해서 인숙에게 건넨다.

자기보다 두 살 어린 손윗동서 혜란의 배려에 인숙은 너무나 고마워하면서 곧 돌아오겠다고 약속하고 미국으로 간다.

하지만 곧 오겠다고 말하고 떠난 지 꼬박 20년이 지나서야 귀국한다. 그것도 남편과 이혼 절차를 밟기 위해서 잠깐 온 것뿐이다.

교환교수로 한국에 미리 와 있던 남편은 자기가 어머니를 보살필 테니까 같이 모시고 살면 안 되겠느냐고 묻는다.

20년 전 그렇게 무섭던 시어머니는 치매에 걸려 아무것도 기억 못 한다. 심지어 20년 만에 본 막내며느리에게 ‘아줌마’라고 부른다.

아무리 ‘이빨 빠진 호랑이’여도 그렇지, 시어머니 싫어서 미국으로 도망갔는데 이제 와서 치매까지 걸린 시어머니랑 같이 살라니 너무도 싫다.

옆에서 지켜보던 혜란은 어차피 자기는 감당이 안 되는 까닭에 요양병원으로 모시기로 했으니 걱정하지 말라고 말한다.

아니 이 남자가 날 떠봤나 싶어 인숙은 짜증이 확 난다. 아들들은 괜히 마음 약해져서 입소 못 시키고 다시 모시고 올 수 있으니, 며느리끼리 모시고 가겠노라며 혜란은 인숙과 귀덕을 차에 태운다.

썩 따라가고 싶진 않지만, 그래 그렇게 날 구박하던 시어머니의 말로(末老)를 지켜보며 통쾌함이나 느껴보자 싶어 인숙도 기꺼이 동행한다.

하지만 치매 걸린 노인과 차 타고 장거리를 이동하기란 쉬운 일이 아니다. 잠시도 가만히 있질 않으니 꼼짝 못하게 붙들고 있는 것만으로도 진이 빠진다.

진짜 너무 힘들어서 인숙은 혜란과 잠시 고속도로 갓길에 내린다. 뒤에서 빵빵거리자 혜란은 차를 잠깐 빼는 척하면서 그길로 휴게소로 냅다 달린다.

와 이건 무슨 애들 장난도 아니고, 이게 뭔가 싶어 황당해하는 인숙에게 혜란은 20년 전 인숙이 미국으로 간 후, 귀덕의 모든 화를 받아내느라 죽는 줄 알았는데 이렇게 오랜만에 귀국한 게 괘씸해서 그랬다고 말한다.

그렇다. 20년 만에 한국에 돌아오니 호랑이 같던 시어머니만 변한 게 아니었다.

평소 둘이 있을 땐 말 편하게 하라며, 자기에게 그렇게 살갑게 대하던 손윗동서는 악녀가 되었다.

이제는 자기가 나이는 어려도 손윗동서인데 감히 어디서 말을 놓느냐며 으름장을 놓는데, 인숙은 적응이 안 된다.

영화 <인연을 긋다>는 피 한 방울 안 섞였지만, 가족의 인연을 맺은 세 여자의 로드 무비다.

치매에 걸려 아무것도 기억 못하는 시어머니는 계속 집에 데려다 달라며 생떼를 쓴다.

급기야 셋이 식당에서 밥 먹다가 잠깐 사이에 탈출해 택시를 타더니 집에 데려다 달라며, 쪽지와 차비 100만 원을 건넨다.

시어머니가 계속 집에 데려다 달라는데, 요양병원으로 가는 게 맞나 싶어 며느리들의 마음은 무겁다.

그래도 도저히 제대로 모실 수가 없다. 작은며느리가 미국으로 간 후, 20년 동안 온갖 구박에 시달린 큰며느리는 시어머니가 밉고, 귀찮다.

자꾸 어딜 돌아다니는 시어머니를 말리는 것도 힘에 부쳐 끈으로 묶어 놓았는데, 3일 동안 그 사실도 잊은 채 시어머니를 방치한 적도 있다.

자기가 시어머니를 모시고 사는 게 더 불효 같아 요양병원에 넣기로 결심한 것이다.

시어머니도 자기가 자녀들에게 짐이라는 걸 안다. 사실 택시 기사에게 내민 쪽지엔 요양병원으로 데려다 달라고 써 있었다.

인숙과 둘이 있을 땐 인숙이 미국에 있을 때 몰래 운영하던 고깃집 상호와 주소까지 줄줄 읊을 정도로 정신이 멀쩡하다.

어쩌면, 자녀들 마음 무겁지 않게 하려고 한시도 정신이 온전한 때가 없는 척 ‘연기’하는 것처럼 보인다.

마지막에 인숙과 혜란이 여수요양병원에 데리고 가자, “집에 왔다”며 기뻐하는 귀덕의 모습을 보고 있자면 더 그런 생각이 든다.

고부갈등에 대해 생각해 볼 수 있는 영화 <인연을 긋다>는 오는 26일 개봉한다.

/마이스타 이경헌 기자

기사 원문보기 http://www.mystar.ne.kr/archives/10322
[마이스타] 고부갈등 생각해 보게 해
일찍이 귀덕(정영숙 분)은 남편과 사별한 후 홀로 두 아들을 키웠다. 어디 가서 ‘아비 없는 자식’ 소리 안 듣게 하려고 예절원을 운영하면서 반...
www.mystar.ne.kr
인연을 긋다
감독
이정섭
출연
정영숙, 김지영, 조은숙
개봉
2022.05.26. 대한민국
리뷰보기"
임신한 나무와 도깨비 (The Pregnant Tree and the Goblin),"임신한 나무와 도깨비
감독
김동령, 박경태
개봉
2022.01.27. 대한민국
평점
리뷰보기



김동령, 박경태 감독이 공동 연출한 <임신한 나무와 도깨비>는 박인순이라는 실존 인물을 통해 다큐적인 요소와 더불어 판타지 적인 요소까지 함께 하는 작품입니다.
  영화의 시작은 다큐멘터리를 위해 교수와 학생이 함께 동두천에서 과거 위안부 생활을 했던 박인순을 만나러 가면서 시작됩니다. 박인순과의 인터뷰가 진행되지만 교수와 학생은 원하는 것을 잡아내지 못하고 오히려 그녀가 그린 그림을 통해 다큐멘터리의 방향을 정합니다.
  실존하기도 하지만 판타지적인 장소이기도 한 '뺏벌'을 중심으로 영화 중반부엔 극화된 작품으로 장르가 바뀝니다. 뺏벌의 유령들을 데리러 가기위해 온 저승사자들과 박인순은 스스로를 보호하기 위해 자신만의 이야기를 만들어갑니다.
  <임신한 나무와 도깨비>는 자주 볼 수 없는 실험적인 영화입니다. 실제 인물을 다큐멘터리적인(혹은 페이크 다큐) 이야기를 끌고 나갑니다. 이렇게 영화를 끝까지 만들어도 괜찮은 이야기가 될 정도로 박인순의 개인사는 한국의 역사와 맞물려 돌아갈 수 있을 정도로 스펙터클합니다. 동두천에서 미군을 상대한 그녀는 군인이 따라 미국 시카고에서 잠시 머물다가 다시 돌아오기도 했습니다. 과거 티비 프로그램에서도 그녀를 다룬 적이 있는데 그녀는 당시 인터뷰에서 충격적인 발언을 합니다. '나를 낳은 부모가 날 버렸기 때문에 나도 자식들을 미국에 버리고 왔다'. 어찌 보면 엄마로서 충격적인 생각일수도 있지만 영화 속에서 등장하는 그녀의 인생을 직면한다면 조금은 이해가 가기도 합니다.
  사실 영화를 끝까지 집중력 있게 보기는 힘든 작품임엔 분명합니다. 그리고 그것은 낯선 구성에서 기인합니다. 그럼에도 불구하고 한 인물을 통해 한 나라의 역사와 동시에 이를 임신한 나무로서 은유하는 연출 스타일은 너무나 훌륭합니다. 한국 영화 역사의 이런 스타일에 작품이 또 있을지 모르겠지만 확실한 건 오랫동안 기억에 남을 작품이라는 것입니다.
  p.s 마지막 등장하는 군인 배역이 너무나 익숙한 인물이라 깜짝 놀랐습니다^^"
임신한 나무와 도깨비 (The Pregnant Tree and the Goblin),"임신한 나무와 도깨비
감독
김동령, 박경태
개봉
2022.01.27. 대한민국
리뷰보기

다큐멘터리 '거미의 땅'을 연출했었던 김동령, 박경태 감독이 다시 한 번 뭉쳐서 일종의 후속작이라 할수도 있는 영화를 내놨다. 하지만 이번에는 다큐만의 방식이 아니라 픽션 방식을 뒤섞어서 살풀이 하듯 독특하게 만들어냈다. 아마도 ('거미의 땅'시기)이전보다 더 엉망이 된 마을과 쇠퇴한 분위기, 달라진 도시의 영향등을 종합적으로 녹아내려 한 것 같다.(해외 다큐에서도 발생하는 흐름 같기도 하다.) 당사자는 크게 변화가 없는데 주변의 것들이 속절없이 변해 버린 현실의 한탄과 회환 같기도 했다. 

하지만 기본적으로는 다큐의 방식으로 파고들었다. 내레이션을 도입하고 현실의 큰 풍경부터 외곽에서 좁혀 나갔다. 어느 정도 현실정리가 끝나고 마을 어귀에 닿자 그때부터 비로소 픽션으로 접어들었다. 그 덕에 조금은 비현실적인 이야기가 현실과 섞이면서 모호한 분위기로 기괴함을 자아냈다. 하지만 그렇다고 장르적인 움직임이나 스타일에 가깝지는 않았다. 다큐에서 조금 내려앉은 현실이었다. 기시감을 바탕으로 한 어설픈 공포에 가까웠다.

오히려 이를 통해 솟아나는건 블랙코메디적인 풍경이었다. 의도했는지는 모르겠지만 마냥 장르적이고 무게감있는 현실로만 접근할 수 없기에 한계내에서 피어나는 해학 같았다. '서프라이즈'예능의 변질 같기도 하면서 웃픈 풍경들이 드러났다. 끄집어 내려던 진지함은 픽션이 더해지면서 믿기지 않는 사실들의 모습을 역으로 굳이 그것이 중요한가라고 되묻는 듯 했다. 어디까지가 사실이냐보다 전체를 보라는 듯.

그러나 이야기 픽션으로의 한계도 있었다. 비록 너무 심각한 사실의 우화화라고 할지라도 독립영화적인 연출과 한계에 부딪칠 수 밖에 없었고, 거꾸로 전작을 본 사람들에게는 동어 반복의 효과이자 당당히 사실을 맞이할 기회를 약화시키는 듯 했다. 무엇보다 픽션의 그림자가 픽션보다 더 픽션같은 현실을 너무 덮기도 했다. 다큐적 속성이 너무 약화된 것이다. 

고로 '임신한 나무와 도깨비'는 일종의 트렌드인 픽션을 섞는 다큐 방식으로 관심도와 기록성을 높이려 한 다큐 영화 같다. 하지만 조금은 장르적인 부분이 넘실대면서 기괴함과 기구한 삶의 사이에서 경계가 흐트러져 버린 것 같다. 그럼에도 이 지역과 이 사실이 있었다는 묻혀져 가는 것들을 끄집어 내 살풀이와 한풀이를 하며 호소하는 효과는 있었다. 외면하고 싶어도 직시해야 할 한 기록 장면처럼. 모든 것을 본 나무와 도깨비는 분명 그 자리에 있었을 것이다. 사라져도 사라질 수 없다.


**갓이 작은 것부터가 의도일까.
***굳이 큐질 미스까지 담는 장면.
****하지만 이곳도 재개발의 손이 닿는다.
*****당시의 간판 이름들이 오묘하게 다가온다.
******이전 다큐에서 남은 장면들의 활용도 돋보인다.
*******누군가에게 보내는 메세지로도 보인다.
********일종의 제의 형식이기도 하다.
*********한국의 저승사자들은 너무 정감이 있다.
**********분명한 경계도 뒤섞인 경계가 된다.
***********추운 날씨라는 점이 자꾸 현실로 끼어든다.
************아예 블랙코메디로 가도 될만한 장면들도 있다.
*************여러명을 활용했지만 한 명이었어도.
**************남은 자의 역할은 증명하는 것이다.
***************그 시간도 길게 주어지지는 않는다.
****************은근한 특수효과의 인상.
*****************어디선가는 지속되는 현재진행형.
******************하지만 이것도 한 역사의 축이다.
*******************빛이 있으면 그림자도 있는 법.
********************의정부 경전철은 달리고 있다.
*********************애써 감추려 하지 않는 사실.
**********************그럼에도 보지 않으려는 사실.
***********************이야기로는 볼 것인가.
************************사운드 효과를 더 적극적으로 썼으면 싶었다.
*************************한국의 텍사스라 불렸던 흔적의 아이러니.
**************************부대찌개는 멀지 않다.
***************************사실 그 안에서도 또 경계가 있었지만...
****************************카메라가 더 말을 할 수 없다.




 "
임신한 나무와 도깨비 (The Pregnant Tree and the Goblin),"임신한 나무와 도깨비
감독
김동령, 박경태
개봉
2022.01.27. 대한민국
리뷰보기

우연히 인스타그램에서 임신한 나무와 도깨비라는 영화를 알게 되었는데 설명이 흥미로워서 예매했다.

영화에 대한 자세한 리뷰는 내가 아무리 열심히 써도 능가할 수 없을 만큼 잘 쓴 리뷰가 이미 있으니 다음의 링크에서 참조하시길... 
http://star.ohmynews.com/NWS_Web/OhmyStar/at_pg.aspx?CNTN_CD=A0002806129
7년 걸려 완성한 기지촌 이야기... 죽어도 못 떠나는 이유
[독립예술영화 개봉신상 리뷰] <임신한 나무와 도깨비>
star.ohmynews.com
영화 '임신한 나무와 도깨비'는 다큐멘터리와 판타지 픽션이 모호하게 뒤섞인 영화다. 어디까지가 사실이고 어디까지가 지어낸 이야기인지 영화만 봐서는 알기 어려웠다. 저승사자가 나오고, 귀신이 나오고, 그러면서 이야기가 진행되는데 '기지촌 여성'이라는 철저하게 외면당한 한국의 역사를 단순히 다큐멘터리 형식으로 풀어내지 않고 이렇게 새롭게 접근한 점이 참신했다. 상영관이 많거나 좌석 수가 많지는 않지만 기지촌 여성 이슈에 관심이 있는 사람이라면, 이 영화를 권하고 싶다."
임신한 나무와 도깨비 (The Pregnant Tree and the Goblin),"[명대사]
저여자는 누구냐-저승사자1

잠을 안자는 여자입니다.-저승사자2

죽음이 뺏벌에 찾아오는 날이면 사람들은 문을 굳게 걸어잠구고
텔레비젼의 소리를 끝까지 키운채 깊은잠에 빠져 들었다.-나레이션

이 수많은 여자들은 어디로 갔을까?-나레이션

그때 서울역 앞에서 거의 굶어죽을 정도였는데
어떤 여자가 자장면을 사준데서 따라갔어요. 근데 3그릇을 먹었는데도
배가 차지 않는거야?-박인순

남아있는 것이라곤 어떤증거도 될수 없는 쓰레기 뿐이었다.-나레이션

나무,나무가 임신했어-박인순

#독특한 조합의 접근방식
박인순은 한국전쟁때 고아가 되어 서울역을 떠돌다
파주기지촌으로 온 양공주라 한다.
늘 정에 고팠던 그녀 미군과 결혼해 오클라호마로
함께 건너갔다 학대와 폭력에 못이겨 아이들을 두고
다시 길거리로 시작했으며 남편에게 복수하기위해
하와이로 갔다가 기억을 잃은적이 있다고 하는데
그 뺏벌이라는 기적적인 단어를 기억하고
살아서 돌아온 한국... 뭐가 사실인지 모른체
그냥 마치 이야기를 조합하는 방식과 그녀의 무의식과
의식을 따라가던 그 장면...사실 이게 다큐인지 아니면
영화인지 모른체 실제 이게 모큐멘타리는 아닐까 조합접근방식과
스토리 텔링방식을 완전히 깬 파격적 다큐멘타리가 아닐까..
실제 보고 싶은 생각이 원래 없었는데
평점이 워낙 높고 예전에 거미의 땅을 본적이 있기 때문에
시간대도 괜찮고 꼭 보고싶던 영화였다.

#고통과 기억의 관계에 대하여
그녀는 어린시절을 기억하지 못하고
그녀의 삶조차 파주 이전과 이후로 나뉜다.
그리고 살짝 앞에 그녀의 꿈을 물었을때
그냥 작은 집 하나에 편안하게 뉘일장소가 있었으면 한다던 
소박한 그녀의 말..그리고 아이들에 대해서는
자신의 아버지와 마찬가지로 자기도 아이들을 버렸다는
대목에서 반짝이는 그녀의 눈동자를 보았다.
적어도 그렇게 살고 싶지 않다는
그아픔을 아이들에게 까지 전해서는 안된다는
그런 아픔에서인지 그녀는 그녀의 딸이 몇살인지
어떻게 박인순이라는 이름 전에 그녀가 어떤삶을 살았는지
너무나 고통스러워 모든것을 지워버린다는 점이 너무나 안타까웠다.

#그 삶의 의미들
인간으로 태어나 기본적인
도리조차도 알지 못하고 산다는 것이
그녀에게는 관계의 끝을 매듭 짓는 일이
죽어야 끝나는 일이 부모님 때문이라면
지금 그녀가 행하고 있는 일은
그녀가 아닌 위선의 삶을 살고 있는 것이 분명하지만
하지만 그녀의 마음속에선 살고자 하는 욕망이
가득했다. 오히려 그 위선의 삶이란
모든것을 짓밟았던 주위 사람들과
그냥 노리개로 여기던 인간들 때문이 아니었을까?
마지막 장면이 무척 눈을 감고 싶을 정도였다.
모든 죄의 근원을 끊어 잘라
그녀의 이야기를 만들어 낸다는것..

답이라고 하기는 말이 안 되는 일인것 같기도
죽음으로서 끝나는 일
과연 나는 그럼에도 불구하고 그들속에서
내삶을 영위하기 위해서
거짓된 욕망을 일깨우며
그들과 뒤엉커 살 수 밖에 없는 시점을 살고 있다
단지 그냥 살아있고
내가 기억된다는 이유 하나만으로...
추천합니다 : 너무나 슬프고 기괴했던 박인순이란 여자에 대한 절규.. 새로운 다큐 그자체

비추천합니다 : 기괴함이 너무나 넘쳐나고 이게 과연 15세인지를 물어봅니다.

평점 : 10점만점에 8.0234점..."
장민호 드라마 최종회,"[장민호 드라마 최종회] 예고편 : 2022.01.24 CGV : 공연실황



노래, 댄스, 예능은 물론 퍼포먼스까지!
만능엔터테이너이자 트로트 꽃사슴으로 불리는
아티스트 장민호의 생애 첫 단독 콘서트 실황과 무대 밖 미공개 영상
그리고 팬들을 향한 그의 진심을 담은 콘서트 무비
2022.01.24 CGV 개봉 / 

출연: 장민호

* 정보
https://movie.naver.com/movie/bi/mi/basic.naver?code=213746




















 "
장민호 드라마 최종회,"[장민호 드라마 최종회] 예고편 : 2022.01.24 CGV : 공연실황



노래, 댄스, 예능은 물론 퍼포먼스까지!
만능엔터테이너이자 트로트 꽃사슴으로 불리는
아티스트 장민호의 생애 첫 단독 콘서트 실황과 무대 밖 미공개 영상
그리고 팬들을 향한 그의 진심을 담은 콘서트 무비
2022.01.24 CGV 개봉 / 

출연: 장민호

* 정보
https://movie.naver.com/movie/bi/mi/basic.naver?code=213746




















 


 "
장화신은 고양이: 끝내주는 모험 (Puss in Boots: The Last Wish),"[한글자막] https://www.youtube.com/channel/UCgeMEJAKZgEeTL7MbsVrBzw/featured
자막요정 OST
20세기와 21세기를 아우르는 띵작과 OST 맛집인 동시에 영상번역 전문 채널입니다. (한_영 / 영_한) 영상번역 의뢰는 [mjy581112@gmail.com]으...
www.youtube.com
동영상이 첨부되었습니다. 원본보기
 
[출처: Google]

[참고] https://fb.watch/bDCACPgRa7/

 "
장화신은 고양이: 끝내주는 모험 (Puss in Boots: The Last Wish)," *영화장르 : 애니메이션/어드벤처/코미디 
*제작국가: 미국
*감독:조엘 크로포드/재뉴얼 머카도
*출연:안토니오 반데라스(장화신은 고양이 목소리 역),셀마 헤이엑 (키티 역),올리비아 콜맨,하비 길렌,
      샘슨 카요,외그너 모라,존 멀레이니,플로렌스 퓨,다바인 조이 랜돌프,레이 윈스턴,크리스 밀러,미구엘 가브리엘
*개봉일자:2022년 9월 28일 예정

=========================================================================================================

[영화-장화신은 고양이: 끝내주는 모험 (Puss in Boots: The Last Wish, 2022)-1차 예고편]

https://tv.kakao.com/v/427204011
<장화신은 고양이: 끝내주는 모험> 1차 예고편
tv.kakao.com

[영화내용]


9개의 목숨을 갖고 있던 장화신은 고양이가 하나 밖에 남지 않은 목숨을 걸고 
두 번 다시없을 위험천만하고 기상천외한 모험을 시작하는 이야기."
재춘언니 (Sister J),"재춘언니
감독
이수정
개봉
2022.03.31. 대한민국
평점
리뷰보기



이수정 감독이 연출한 <재춘 언니>는 콜트콜택 해고노동자인 임재춘의 지난한 투쟁을 다루고 있는 작품입니다.
  기타 공장에서 30년간 일해온 재춘은 어느 날 갑자기 해고 통보를 받게 됩니다. 두 딸의 아버지이기도 한 그는 눈앞이 깜깜해집니다. 동료들과 함께 투쟁을 시작하게 되는데 빨리 결과가 나올 것 같던 그의 투쟁은 10년 이상 진행됩니다. 남들 앞에 나서기를 싫어하는 재춘이지만 투쟁을 위해 남들 앞에 나서고 심지어 연극도 하게 됩니다.
  콜택 해고 노동자들을 다룬 다큐멘터리를 이전에 본 기억이 있습니다. 그것도 5,6년은 넘은 것 같은데 이 문제가 여전히 진행 중이었다는 것이 놀라웠습니다. 정권이 바뀌고 대통령의 한 마디에 노사가 일부 합의를 했다는 것이 다인데 그 동안의 세월은 누가 보상해줄까요? 특히 임재춘님은 현장으로 돌아가지 못하고 일용직 노동자로서의 삶을 현재 살아가고 있다고 합니다.
  투쟁 2,3년차의 재춘의 모습은 나이도 그러하지만 생기가 있어 보입니다. 하지만 13년차 때 그의 머리는 하얗게 새어있고 단식 투쟁까지 하는 바람에 자신의 나이보다 10살 이상 더 들어보였습니다. 다행히 영화 막바지엔 건강을 조금 회복한 모습이었습니다.
  사람이 바뀐다는 것은 참 힘들고 어려운 일인데 상황이 임재춘님을 크게 바꿔 놓은 것 같습니다. 그의 변화가 긍정적이라고 부정적이라고 해야 할지 잘 모르겠습니다. 단, 중요한 것은 이런 콜택 공장과 같은 상황이 반복되지 않아야 한다는 것입니다."
잭 인 더 박스 (The Jack in the Box),"잭 인 더 박스
감독
로렌스 파울러
개봉
2022.05.12. 영국
평점
리뷰보기



로렌스 파울러 감독이 연출한 <잭 인 더 박스>는 피에로가 튀어나오는 장난감을 소재로 한 공포물입니다.
  현재로부터 12년 전 농장에서 한 사람이 '잭 인 더 박스'라는 장난감을 발견하고 집으로 가져옵니다. 그런데 박스가 열리면서 그 사람의 아내가 그 박스 속으로 들어가면서 영화가 시작됩니다. 현재로 돌아오면 미국인 케이시는 고미술 등에 관심이 많은 사람입니다. 역사가 깊은 영국에 와서 다양한 것을 접하고 싶어 하는 그는 사실 다른 트라우마 때문에 미국을 벗어났습니다. 그가 일할 박물관에 새로운 물품들이 들어오는데 그것이 12년 전 사건의 주인공인 박스입니다.
  그 박스가 박물관에 들어오고 나서 한 사람씩 죽어나가고 그들의 가족들은 실종 신고를 냅니다. 경찰은 수사에 들어갑니다. 실종 사건과 더불어 직접 피에로의 움직임을 눈치 챈 케이시는 이를 동료에게 말하지만 들어주지 않습니다. 그래서 12년 전 사건의 피해자를 찾아가 자문을 구하고 또 다른 사람에게도 자문을 구합니다.
  <사탄의 인형><애나벨>등 비생물체가 움직이는 초자연적인 현상을 공포의 소재로 삼고 있는 작품입니다. 그리고 동양엔 조금 낯설지만 서양에선 많이 있을법한 '잭 인 더 박스'를 소재로 삼은 것은 보편성을 띠는 선택이라고 생각합니다. 하지만 이 영화는 '공포'라는 장르가 주는 흥미로운 요소가 거의 나타나지 않는 작품입니다.
  열린 결말로 끝나긴 하지만 이전의 상황들은 전혀 무섭지가 않고 기본적인 개연성도 많이 부족합니다. 게다가 두 주연배우들의 연기력이 현저하게 떨어져 감정이입이 도저히 되지 않더라고요. 여러모로 아쉬운 작품이었습니다."
전장의 피아니스트 (Broken Keys),"전장의 피아니스트
감독
지미 카이루즈
출연
아델 카람, 타렉 야쿱
개봉
2022.01.06. 레바논, 미국, 프랑스
평점
리뷰보기

지미 카이루즈 감독이 연출한 내전 지역에 사는 피아니스트가 망가진 피아노 부품을 구하기 위해 위험 지역으로 향하는 이야기를 담고 있습니다.
  시리아 세카에서 생활하는 피아니스트 카림은 어머니의 유일한 유산인 피아노를 팔아 오스트리아 빈으로 갈 여비를 마련하려 합니다. 하지만 극단주의 무장단체의 총격으로 피아노는 망가집니다. 함께 생활하는 소년 지아드가 피아노 부품을 일부 구해주지만 그것으로는 역부족. 도시 지역에 같은 브랜드 피아노가 있다는 것을 알게 된 카림은 위험을 무릅쓰고 위험 지역인 도심으로 향하게 됩니다.
  무사히 도심으로 들어가게 된 카림은 피아노가 있는 정확한 위치를 파악하기 힘듭니다. 왜냐면 도시는 총격이나 폭탄으로 망가져 있기 때문입니다. 그러던 와중 무장여성단체의 멤버를 만나게 되고 둘은 서로가 원하는 것을 주면서 함께 합니다. 그녀의 도움으로 피아노 부품을 구하게 되고 카림은 무사히 세카로 돌아오게 되지만 지아드가 무장단체에서 무언가를 훔쳐 나오는 것을 들키게 되어 큰 위험에 빠지게 되고 카림은 지아드를 도와주면서 빈 행은 오리무중 상태로 빠지게 됩니다.
  영화 속에서 무장단체는 누구나 다 알고 있는 바로 그 단체입니다. 그리고 이 영화는 놀랍게도 실화를 바탕으로 하고 있고요. 10년도 되지 않은 바로 이 이야기를 극영화로 만들었는데요. 아직까지도 시리아와 이집트 지역에서 살고 있는 민간인들은 하루하루를 두려움에 살아가고 있습니다. 이런 공간 속에서 꿈 아니 일상을 위해 고향을 떠나려는 주인공을 누구라도 비난할 수 없을 것입니다.
  실화를 바탕으로 했었다는 것을 알고 엔딩 장면을 보면 과연 그것이 실제로 벌어진 일인지 의심이 듭니다. 카림의 놀라운 발상은 스스로를 위험에 빠트리지만 아주 훌륭한 전략이 되기도 합니다. 개인적으로 그 장면은 극화된 것이라고 생각하고 싶습니다. 실제라면 좋은 전략이라는 생각이 들기도 하지만 너무 위험하기 때문입니다. 아무튼 엔딩이 너무 좋은 작품이었습니다. 또한 그 때 사용된 베토벤의 피아노곡도 너무 좋았고요. 곡 제목은 찾아보니 '발트슈타인'이었습니다.
  그리고 피아노 부품을 구하러 가는 시퀀스도 굉장히 마음에 들었습니다. 장르적 재미도 어느 정도 있고 급진파 단체 여성과의 갈등과 화해를 다루는 연출도 꽤나 좋았고요. 자신의 신념을 끝까지 밀어붙이는 두 캐릭터의 모습이 인상적이었습니다.
  이 작품을 보면서 다시 한 번 느낀 거지만 '교육'이라는 것이 얼마나 중요한지 새삼 느끼게 되었습니다. 무장단체가 어린 아이들을 대상으로 벌이는 주입식 교육과 더불어 어떤 것을 불 지르게 되는 모습에서 아직 개념 정립이 되지 않은 아이들이 그것을 그대로 받아들일 수도 있다는 것이 꽤나 공포스럽게 다가왔습니다.
  이런 이야기에서 흔히 볼 수 있는 '카림'이라는 캐릭터이지만 이런 캐릭터가 옳은 결정을 내리는 모습은 언제나 반갑습니다. 그리고 그 결정을 내리는 과정에서 캐릭터가 어떤 고민을 하고 실행에 옮기는지가 오히려 더 중요한 것 같습니다. 이 작품은 그것을 잘 표현한 작품이었고요."
전장의 피아니스트 (Broken Keys),"전장의 피아니스트
감독
지미 카이루즈
출연
아델 카람, 타렉 야쿱
개봉
2022.01.06. 레바논, 미국, 프랑스
리뷰보기

( 줄거리 요약)

시리아 셰카 
극단주의 무장단체는 악랄하다.
건물을 폭파하고 
죄 없는 이들을 잡아가고 살해하고 
무장단체의 악행을 피해서 
여러 사람이 모여서 살아간다.
하루가 어떻게 살아갈까 
목숨을 지탱하기 위해서 숨죽여 살아간다.

부서진 건물 한 귀퉁이에서 
피아니스트 카림은 피아노를 마음껏 치려고 터키를 통해서 그리스로 탈출하려고 계획을 
피아노를 팔아서 자금을 모으려고 한다.

사촌 여동생도 외국으로 탈출해서 공부를 하고 싶어 한다.
사촌 여동생 그래서 토익 공부를 열심히 한다.

숨어서 사는 이웃 소년 지아드 아버지는 무장단체가 끌고 갔다.

지아드는 아버지를 목매어 기다린다.

죄 없는 이웃 남자가 총에 맞자 
저항군 이웃이 치료에 나선다.
카림에게 피아노 연주를 부탁한다.
잠시 고통을 잊으라는 차원에서 

카림은 피아노 연주를 조심스럽게 하는데..

무장단체가 집에 습격한다.
갓난 아이는 울고 있고 
겁에 질린 주민들 
부상을 입은 이웃 남자를 숨겼기에 모두 불안하다.

악랄한 무장단체는 숨겨진 이웃을 발견하고는 
애꿎은 카림의 피아노를 망가뜨린다.

지아드는 아버지를 목매어 기다린다.

죄 없는 이웃 남자가 총에 맞자 
저항군 이웃이 치료에 나선다.
카림에게 피아노 연주를 부탁한다.
잠시 고통을 잊으라는 차원에서 

카림은 피아노 연주를 조심스럽게 하는데..

무장단체가 집에 습격한다.
갓난 아이는 울고 있고 
겁에 질린 주민들 
부상을 입은 이웃 남자를 숨겼기에 모두 불안하다.

악랄한 무장단체는 숨겨진 이웃을 발견하고는 
애꿎은 카림의 피아노를 망가뜨린다.

카림의 계획에 차질이 생긴다.
소년 지아드는 카림의 피아노 부품을 위해서 폭격 당한 거리서 고물을 찾아 갖다 준다.
그러나 고칠  피아노 턱 없이 모자란다.
카림은 다른 도시로 부품을 찾기 위해서 위험을 무릅쓰고 떠난다.
다른 도시로 물건 이송을 하는 차에 웃돈을 주면서 떠난다.
운전사 일을 돕는 일행으로 신분을 속이면서 

어렵게 다른 도시에 도착한 카림에게 
운전사는 사흘 후에 셰카로 떠난다고 약조한다.

어려운 상황에 처한 카림에게 여자 저항군이 동행한다.
폐허의 도시에서 카림은 여자 저항군을 도우면서 피아노 부품을 찾는데...
여자를 부인으로 속여서 무사히 고향 셰카로


소년 지아드는 학교 선생이 역사를 왜곡하면서 역사 책을 불태움에 울분한다.
폭탄을 몰래 갖고 온다 .

무장단체 눈을 피해서 어렵게 셰카로 온 카림은 
지아드가 무장단체 검은 명단에 올려진 사실에 
지아드를 만나기 위해서 여장을 하고 찾지만 
지아드는 카림을 피한다. 
카림은 내일  터키로 탈출하려던 계획을 변경한다.
지아드를 다른 나라로 가는 차에 태운다.
피아노를 판 돈으로 지아드를 위해서

같은 방에서 숨어 살던 이웃들 
그 중에서 저항군 활동을 하던 이웃에게 카림은 어떤 모종의 말을 제안했다.
전에 저항군 이웃이 카림에게 저항군 조직에 합류하길 권했지만 거절했다.
카림은 자유 나라서 오직 피아노 연주자로 살길 너무 갈망했기에 

카림이 내건 모종의 제안이란 

무장단체 대장은 카림에게 혈안으로 

카림은 폐허의 광장에서 피아노 연주를 
피아노 옆에 커단 스피커도 장착하면서 
무장단체 조직원을 유혹한다.

속임수로 

저항군은 폐허의 건물 속에서 총구를 겨닌 채 
악랄한 무장단체 조직원을 향해서 승리의 총구를 

카림은 워험한 상황에서 
총알이 빗발치는 상황에서 
피아노 선율 높낮이로 혼신을 다해서 연주한다.

자유를 짓밟은 악독한 조직을 대결하기 위해서 

시리아 내전 실화 바탕인  영화 

사람의 목숨을 파리로 여긴다.

이 영화 끝장면이 압권이다.
감동적

총알이 난무하는 초 긴박한 상황서 카림은 피아노 건반을 


주인공 카림이 연주한 음악으로 관객 심증을 끌어낸다.
피아노 선율의 높낮이서 악랄한 무장단체 눈속임에 박수를 이끈다."
전장의 피아니스트 (Broken Keys),"영화 [전장의 피아니스트] 메인 예고편(한글) : 타렉 야쿱, 아델 카람: 2022.01



매일 총성이 울리는 전쟁터가 되어 버린 시리아의 세카.
음악마저 금지된 혼란 속 피아니스트 카림은
자신이 가장 아끼는 피아노를 팔아
연주를 마음껏 할 수 있는 오스트리아 빈으로 떠나려 한다.
 하지만, 극단주의 무장단체의 총격으로 피아노가 망가져 버리고,
피아노를 고치기 위해선 테러와 폭격을 피해
부품이 남아 있는 도시로 향해야만 하는데…
2022.01 / fausse note, Broken Keys, 2020

감독: 지미 카이루즈
출연: 타렉 야쿱, 아델 카람

* 정보
https://movie.naver.com/movie/bi/mi/basic.naver?code=194838


* 영상이 유익하셨다면 '구독'과 '좋아요'를 눌러주세요~ 구독은 큰 힘이 됩니다. ^^





















 "
전장의 피아니스트 (Broken Keys),"영화 [전장의 피아니스트] 메인 예고편(한글) : 타렉 야쿱, 아델 카람: 2022.01



매일 총성이 울리는 전쟁터가 되어 버린 시리아의 세카.
음악마저 금지된 혼란 속 피아니스트 카림은
자신이 가장 아끼는 피아노를 팔아
연주를 마음껏 할 수 있는 오스트리아 빈으로 떠나려 한다.
 하지만, 극단주의 무장단체의 총격으로 피아노가 망가져 버리고,
피아노를 고치기 위해선 테러와 폭격을 피해
부품이 남아 있는 도시로 향해야만 하는데…
2022.01 / fausse note, Broken Keys, 2020

감독: 지미 카이루즈
출연: 타렉 야쿱, 아델 카람

* 정보
https://movie.naver.com/movie/bi/mi/basic.naver?code=194838


* 영상이 유익하셨다면 '구독'과 '좋아요'를 눌러주세요~ 구독은 큰 힘이 됩니다. ^^




















 "
전장의 피아니스트 (Broken Keys),"영화는 “2014년 한 과격파 단체가 이라크와 시리아를 장악하고 회교법을 엄격히 시행했다”는 자막이 나오고 총성이 들리는 공간에서 피아니스트인 카림의 피아노 연주로 시작한다.

연주하는 곡은 슈만의 어린이 정경 중 ‘트로이메라이’. 어린아이의 울음소리가 들리고 아이를 달래는 어머니, 책을 읽고 공부를 하는 아이의 모습이 피아노 연주 소리에 어우러져 화면을 가득 채운다.

실화가 바탕인 영화 <전장의 피아니스트>는 시리아 내전을 배경으로 피아니스트 ‘카림’의 이야기를 담았다.

카림은 자유롭게 피아노를 치기 위해 시리아를 떠나 오스트리아 빈으로 가기 위해 자신이 가장 아끼는 어머니의 피아노를 팔아 떠나려 한다.

하지만, 극단주의 무장단체의 총격으로 피아노는 망가지고 피아노를 고치기 위해 부품을 찾아 테러와 폭격의 한가운데 있는 다른 도시를 향한다.

도움을 받으며 도착한 곳은 이미 폐허가 되어 길도 찾을 수 없고, IS에 저항하는 여성 민병대인 ‘사마’를 만나 도움을 받는다.

영화 <전장의 피아니스트>는 실제 아직 내전 중인 시리아를 배경으로 한다.

IS에 저항하는 여성 민병대인 사마는 투쟁을 포기하지 않는 여전사로 나온다. 여자 손에 죽으면 천국에 못 간다는 믿음이 그들의 무기라고 한다.

영화 초반부에 아이를 부르는 여성의 소리가 시끄럽다는 이유로 총의 개머리판으로 여자를 때린다.

여성은 외출 시 머리카락과 얼굴, 몸 전체를 가리는 차도르를 착용하고 있다. 영화 전반에서 시리아 여성의 지위를 가늠케 하는 장면들이 나온다.

또한, 극단주의 무장단체는 엄격한 회교법을 적용해 자유를 억압한다. 피아노 연주도 하지 못하게 하며, 서양의 모든 것을 배척한다.

서양인처럼 머리카락을 자르고 서양 음료를 마시려 했다는 이유로 공개 처형을 하기도 한다. 서양인들은 이슬람교와 신의 뜻을 따르지 못하게 한다는 것이 그 이유다.

다른 지역으로 이동할 때도 신분을 확인 받아야 한다. 피폐한 전쟁의 한 가운데서 자유를 빼앗기고도 삶을 살아내야 하는 그들은 희망까지 없다면 숨이 막혀 살 수 없다.

무장단체는 신의 뜻이라는 정당성을 내세우며 사람들을 핍박하지만, 그래도 그들은 다른 미래를 꿈꾸며 살아간다.

영화 <주디>, <단지 세상의 끝>, <리플리>, <잉글리쉬 페이션트> 등의 음악을 담당했던 가브리엘 야레 감독은 전쟁이라는 폐허 속에서 이야기하는 희망을 음악으로 전한다.

처음 시작하는 장면에서 슈만의 어린이 정경 중 '트로이메라이'를 카림이 피아노로 연주한다.

전쟁이라는 비참한 현실과 총성이 오가는 곳에서도 음악으로 꿈과 희망을 이야기한다.

들것에 실려 온 총상을 입은 환자의 수술 장면에서는 쇼팽의 ‘빗방울 전주곡’을 연주한다.

아직 이르다는 카림의 이야기는 곧 그가 죽음을 맞이할 것을 암시하고, 음악은 슬픔을 이야기한다.

영화의 마지막 폐허의 공터에서 카림이 연주하는 곡은 베토벤의 피아노 소나타 21번 ‘발트슈타인’으로 총성에 저항하는 의지를 잘 나타낸다. 카림의 피아노 연주로 그의 심경을 대변하며 관객에게 큰 울림을 전달한다.

영화 <전장의 피아니스트>는 전쟁의 한복판에서도 희망을 꿈꾸는 사람의 저항 이야기로 전쟁의 잔악성을 가슴 아프게 보여준다. 특히, 황폐한 전장의 폐허 속에서 피아노로 저항하는 마지막 장면은 잊을 수 없는 감동을 준다.

영화 <전장의 피아니스트>는 오는 6일 개봉한다.

/마이스타 박선영 기자

기사 원문보기 http://www.mystar.ne.kr/archives/9741
[마이스타] 전쟁의 폐허 속에서 희망을
영화는 “2014년 한 과격파 단체가 이라크와 시리아를 장악하고 회교법을 엄격히 시행했다”는 자막이 나오고 총성이 들리는 공간에서 피아니스트...
www.mystar.ne.kr
전장의 피아니스트
감독
지미 카이루즈
출연
아델 카람, 타렉 야쿱
개봉
2022.01.06. 레바논, 미국, 프랑스
리뷰보기
 "
전장의 피아니스트 (Broken Keys),"전장의 피아니스트
감독
지미 카이루즈
출연
아델 카람, 타렉 야쿱
개봉
2022.01.06. 레바논, 미국, 프랑스
리뷰보기



누구나 살면서 희망을 가지고있듯 
전쟁중이지만 그도 피아노에 대한 사랑을, 희망을가지고있다 

단지 피아노만이 그의 구원이였고 살아가는 목표였지만
그의 환경은 녹녹치않다 

아직도 전쟁은 진행중이고 
영화속 내용도 역시나 실화다 

영화속 터지는 포탄속 
수면위 파문이 퍼지듯 피아노를 연주하는 그의 모습 

아름다운 음악이 그들에게도 가닿기를 
그리고 전쟁이 제발 빨리 끝나기를 빌면서 보게된 영화 전장속 피아니스트였다"
전장의 피아니스트 (Broken Keys),"전장의 피아니스트
Music Peace

  전쟁은 모든 것을 빼앗고 파괴하고 짓밟아버립니다. 평화로웠던 삶은 극심한 불안과 공포로 바뀌고, 날마다 삶과 죽음의 경계선을 넘나들고, 희망은 좌절과 절망으로, 즐거움은 슬픔으로, 친구는 적이 되기도 합니다. 인류에게 전쟁처럼 참혹한 불행은 없을 것입니다. 그럼에도 이 지구상에서 전쟁은 사라지지 않고 여전히 계속되고 있습니다. 전쟁은 인간의 악마성을 고스란히 드러내주지요. 반대로 인간의 선한 면도 극명하게 드러내주고요.
  전쟁 중에서도 가장 나쁜 전쟁(모든 전쟁이 다 나쁘지만)은 나라 안에서 종족이 다르다는 이유로, 이념 혹은 종교가 다르다는 이유로 서로 죽이고 죽는 내란이겠지요. 특별히 무슬림 분리주의의 극단적 무장단체가 일으키는 테러와 전쟁이야말로 ‘악마의 향연’이라고 할 정도로 잔혹하고 끔찍하지요.
  한 나라에서 내 편 네 편을 가르고, 내 편이 아니면 무조건 적으로 여겨 증오하고 죽이고, 파괴하고 짓밟는 극단적 과격파 무장단체가 일으킨 내란은 나라를 생지옥으로 만들어놓습니다. 북아프리카와 중동지역 등에서 특히 그 같은 일들이 빈번하게 일어나 무고한 민간인들을 참혹하게 학살하는데, 그 참상이 안타깝고 분노를 느끼게 합니다.
 
매일 총성이 울리는 전쟁터로 변한 곳, 음악은 사치일 뿐이라며 금기시된 한복판에, 피아노를 가지고 나와 연주하는 피아니스트에 관한 영화 ‘전장의 피아니스트’Music Peace를 보니, 전쟁이 음악에 대한 열정을 꺾을 수 없을 뿐 아니라 음악이 적을 유인하는 도구가 될 수 있다는 것을 생각하게 합니다.

극단적 무슬림 과격파, 정부군, 용병, 저항군이 뒤엉켜 싸우는 전쟁터가 되어버린 2014년 시리아 세카. 시리아 대부분은 무슬림 과격파가 장악했고, 일반 시리아 국민들은 물도 음식도 생필품도 다 떨어져 가는데, 음식과 생필품을 구하려고 밖에 나갔다가는 언제 총탄에 맞을지 몰라 나가지도 못합니다. 그래도 양식을 구하기 위해 밖으로 나간 사람은 끝내 돌아오지 못하는 생지옥입니다.

불안과 공포, 절망과 분노 속에서 하루하루를 버텨나가는 세카 주민들 중에 카림이라는 유명 피아니스트도 있습니다. 친척들과 지인들이 은신해 있는 은신처 사람들은 카림에게 피아노 좀 연주해 달라는 사람도 있고, 건반만 건드려도 기겁을 하는 사람이 있습니다. 혹 무장단체 대원들이 밖에서 들으면 무사하지 못하기 때문이지요. 사람들은 점점 지쳐갑니다.
 
카림은 이 절망스러운 상황에서 벗어나는 길은 단 한 가지, 자신이 생명처럼 아끼는 어머니가 사준 피아노를 팔아 음악의 도시 오스트리아 빈으로 밀입국하여 마음 놓고 음악활동을 하는 것입니다. 카림은 그 계획을 실행하기 위해 브로커에게 줄 비용 일천팔백 달러를 마련하고자 중고 악기상에게 피아노를 팔려고 합니다. 일이 성사되는가 했는데, 은신처를 급습한 무장군이 카림을 두들겨 패고 피아노에 총을 쏴 망가뜨리는 바람에 카림의 꿈은 산산조각 납니다. 그래도 카림은 희망을 포기하지 않고, 망가진 피아노를 어떡하든지 고쳐 탈출비용을 마련하기 위해 피아노 부품을 구입하려고 피아노 부품상이었던 조지프를 찾아 길을 나섭니다. 죽었는지 살아있는지, 어디에 숨어있는지도 모르는 채….

거리의 건물들이 모두 폭격으로 무너지고 폐허가 된 도심은 성한 곳이 없습니다. 사람들은 모두 은신처에 숨어 거리는 적막하기 그지없고, 곳곳마다 불심검문하는 무장군이 매의 눈을 하고 검문합니다. 그들에게 걸리면 무사하게 통과하기 어렵습니다. 그들은 불심검문을 하면서 ‘하루에 알라께 몇 번 기도하나?’ 묻고 ‘네 번’이라고 대답하지 않으면 사살합니다. 사람목숨을 벌레목숨 대하듯 합니다. 인간적 온정 같은 건 단 1%도 없습니다. 과거 나치시대의 게슈타포 이상입니다.
 
피아노 부품상 조지프를 찾아가던 카림은 도중에 한 여성 저항군을 만나 서로 경계하다가 동행하게 되고, 마침내 부품상 조지프를 찾게 되지만 그녀를 추적하는 무장군에 발각되고, 조지프의 도움으로 두 사람은 탈출하는데 조지프는 저항군을 도왔다는 이유로 사살되고 말지요.
 
천신만고, 목숨 걸고 구해온 부품으로 망가진 피아노를 고친 카림은 은신처를 찾아온 무장군이 된 옛 친구에 의해 또다시 좌절되고, 항상 아버지 같이 도와준 이웃 아저씨까지 사살되자 분노한 카림은 계획을 바꿔 중대결심을 합니다. 카림은 피아노를 광장 한복판에 옮겨놓고 연주를 시작합니다. 무장군들이 카림의 연주를 저지하기 위해 총을 쏘며 광장을 향해 오다가 건물에 숨어있던 저항군 저격수들에게 역습을 당하는 반전이 벌어집니다. 한 놈, 두 놈… 무장군이 총에 맞아 쓰러집니다. 카림의 열손가락이 건반 위에서 춤을 춥니다. 죽으면 죽으리라고 카림의 손은 멈추지 않습니다.

이 영화는 20여 년 전에 발표한 로만 폴란스키 감독의 영화 ‘피아니스트’를 연상시키기도 합니다. 거기서는 유대계 폴란드 피아니스트 스필만이 나치의 홀로코스트를 피하여 전쟁 중에 빈집을 전전하며 기적적으로 살아남은 이야기로 감동을 주었지요. 특히 나중에 발각되어 독일장교 앞에서 연주하는 쇼팽의 녹턴이 폐허의 밤하늘에 울려 퍼지는 라스트 시퀀스가 깊은 감동을 주었죠. 이 영화에서는 그 같은 감동과는 또 다른, 총탄이 빗발치는 전장 한복판에서 목숨을 내놓고 죽으면 죽으리라고 의연하고도 비장한 모습으로 신들린 것처럼 건반을 두드리는 피아니스트가 또 다른 감동을 선사합니다.

낯익은 할리우드 배우들과는 다른, 낯선 아랍권 배우들의 연기를 접하는 것도 색다른 분위기이며, 거기 배우들도 상당히 재능 있고 매력적이라는 것을 확인할 수 있어 좋고, 그쪽에도 재능 있는 감독이 있다는 것, 이 영화가 실화라는 것도 놀랍습니다. 우리는 아랍권 하면 일단 무자비한 극단적 무장세력을 떠올리고 거부감이 생기는데, 극단적 무장세력은 일부일 뿐이며 대부분의 아랍권 사람들은 우리와 똑같이 자유를 사랑하며 문화예술을 사랑하며, 극단적 무장세력에 저항하고 있다는 것을 영화를 통해 알게 됩니다.

시리아 국민들도 극단적 무장세력에 치를 떨더라고요. 지금도 극단적 무장세력이 끊임없이 문제를 일으키고 있지요. 잘못된 종교세력은 인류의 공적이며 암덩어리죠. 그들이 자행하는 자살 테러와 전쟁, 학살만 막아도 세계평화에 크기 기여할 것입니다.

최근 우크라이나를 무자비하게 침공한 러시아의 푸틴 정권이 자유와 평화를 사랑하는 전 세계인의 공분을 사고 있는데, 푸틴이 극단주의 무슬림 과격단체에 비할 바 없는 전쟁광이라는 정체를 드러냈습니다. 이번이 처음도 아닙니다. 누가 되었든 전쟁광은 자유와 평화를 사랑하는 인류의 적이지요. 우크라이나 국민들도 지금 공포와 불안에 떨고 있습니다. 하나님께서 함께 하시도록 우크라이나를 위해 기도해야겠습니다. 전쟁광은 반드시 하나님의 응징이 있다는 것이 성경의 경고이고 역사의 교훈입니다. HK
  “하나님은 우리의 피난처시요 힘이시니 환난 중에 만날 큰 도움이시라 그러므로 땅이 변하든지 산이 흔들려 바다 가운데에 빠지든지 바닷물이 솟아나고 뛰놀든지 그것이 넘침으로 산이 흔들릴지라도 우리는 두려워하지 아니하리로다… 그가 땅 끝까지 전쟁을 쉬게 하심이여 활을 꺾고 창을 끊으며 수레를 불사르시는도다”(시 46;1-3,9)"
전장의 피아니스트 (Broken Keys)," 












































일단, 생경한 배경만으로도 관심이 간다.
시리아 내전을 주제로 한 듯한데...
영화는 레바논.
감독도 레바논.
배우들도 레바논이다.

실화를 베이직으로 해서 만들어진 영화라는데...
어디까지가 실화인지는 잘 모르겠다.

그러나 영화는 잘 만들어졌다.

주인공 남자도 잘 생겼다.
근데 여자 군인이 등장하고..
그녀가 피아노가 있는 집으로 안내하는 것은 이해가 안되는 부분.

왜 혼자 외따로 떨어져 있는지도.


얼핏 언론에서 들었었다.
여자 군인들.
중동 남자들은 여자한테 죽는 것을 최고의 수모라 생각한단다.
그래서 무기가 될 수 있다는 것.

이 말은 중동 이슬람교도들이 여자 알기를 우습기 알기에...
여자한테 죽으면 더 수치라는 말.

*레바논 영화 감독
jimmy keyrouz


















Jimmy Keyrouz는 영화 작가/감독입니다. 실제 사건에서 영감을 받은 전쟁 드라마인 그의 최신 영화 Broken Keys는 2020 칸 영화제 공식 셀렉션에 선정되었습니다. 각본은 이전에 The Black List 2019 Annual Feature Lab에 제출된 1,000개 이상의 시나리오 중에서 6개의 시나리오 중 선택되었습니다. 원곡은 오스카상을 수상한 작곡가 Gabriel Yared가 작곡했습니다.
이전에 지미는 아카데미가 1,749편의 기록적인 영화를 수상한 한 해에 BAFTA 학생 영화상, 미국 감독 조합 영화상 및 감독 조합 영화상을 수상한 제43회 학생 아카데미 시상식에서 금메달을 수상한 녹턴 인 블랙의 각본과 감독을 맡았습니다. 2017년 오스카상 라이브 액션 단편 부문 후보에 올랐습니다. 이 영화는 Telluride Film Festival에서 초연되어 전 세계적으로 배급되었습니다.
Jimmy는 2016년에 뉴욕 컬럼비아 대학교에서 미술 프로그램의 각본/연출 석사를 졸업했습니다


""Broken Keys""에 대한 전망이 포함됩니다. 2014년 전시 이라크와 시리아를 배경으로 하고 실제 사건에서 영감을 얻은 ""Broken Keys""는 음악 때문에 ISIS 테러리스트에 의해 거의 파괴된 피아노를 재건하기 위해 모든 위험을 무릅쓰는 피아니스트 Karim의 이야기입니다. 마을에서 금지되었습니다. 영화의 캐스트에는 피아니스트인 Tarek Yaacob, Sara Abi Kanaan 및 Adel Karam이 포함됩니다.
""Broken Keys""는 2020 칸 영화제에서 초연될 56개의 국제 영화 중 선택되었지만 전염병으로 인해 권위 있는 행사가 취소되었습니다.
""그러나 나는 여전히 매우 긍정적이고 매우 희망적입니다.""라고 영화 제작자가 말했습니다.
Jimmy Keyrouz는 영화 작가/감독입니다. 그의 최신 영화 Broken Keys 는 2020 칸 영화제 공식 선정작으로 선정되었으며 2021년 오스카상 레바논의 공식 후보였습니다. Broken Keys의 시나리오는 The Black List 2019 Annual Feature Lab 의 1,000개 이상의 제출물 중 6개 중 선택되었습니다 . 오리지널 음악은 오스카상을 수상한 Gabriel Yared가 작곡했습니다.
앞서 지미는 아카데미가 1,749편의 기록적인 영화를 수상한 한 해에 BAFTA 학생 영화상, 미국 감독 조합 영화상, 미국 감독 조합 영화상, 제43회 학생 아카데미 시상식에서 금상을 수상한 < 녹턴 인 블랙 >의 각본과 감독을 맡은 바 있다. 2017년 오스카상 라이브 액션 단편 부문 후보에 올랐습니다. 이 영화는 Telluride Film Festival에서 초연되었습니다.
지미는 2016년 뉴욕 컬럼비아 대학교에서 각본/연출 석사 과정을 졸업했습니다. 이후 그는 환경 위기의 사회적 영향을 다룬 장편 다큐멘터리 The Holy Goats 를 감독하고 편집하여 최우수 장편 다큐멘터리를 수상했습니다. 시카고 인디 영화 시상식에서. 그는 현재 두 번째 장편 영화를 개발 중입니다.
모험에 대한 그의 사랑과 환경 의식이 뒤섞인 Jimmy는 마스터 스쿠버 다이버이자 로드 바이커이며 수많은 산림 가꾸기에 참여했습니다. 그는 또한 스키, 스키 투어, 암벽 등반, 피아노 연주를 즐깁니다. 그는 영어, 프랑스어, 아랍어 및 약간의 스페인어를 유창하게 구사합니다.



*줄거리


매일 총성이 울리는 전쟁터가 되어 버린 시리아의 세카. 
음악마저 금지된 혼란 속 피아니스트 카림은 
자신이 가장 아끼는 피아노를 팔아 
연주를 마음껏 할 수 있는 오스트리아 빈으로 떠나려 한다. 
하지만, 극단주의 무장단체의 총격으로 피아노가 망가져 버리고, 
피아노를 고치기 위해선 테러와 폭격을 피해 
부품이 남아 있는 도시로 향해야만 하는데...
음악가 카림은 시리아를 떠나기 위해 그가 가장 아끼는 피아노를 단 13일만에 팔아야 한다. 카림이 피아노를 포장하고 있을 때, 테러리스트 수장이 아파트에 쳐들어와 피아노를 파괴한다.
(2021년 제22회 전주국제영화제)
*주연 배우
레바논 배우.
타렉 야곱
*피아노를 잘 쳐서 음악가인줄 알았더니..
실제로는 그렇지 않았다.





 












arek Yaacoub는 레바논의 배우이자 시인으로, Institute of Fine Arts, Branch II를 졸업하고 2009년에 연극 예술 학위를 받았습니다. Tarek은 1983년에 Kour al Batroun(레바논 북부)에서 태어나 어린 시절을 보냈습니다. 5세에 Naccache로 이사하기 전입니다. Tarek은 어렸을 때부터 읽기, 시 쓰기, 그림 그리기에 열정적이었습니다. 별, 아름다움, 시를 사랑하는 외향적인 사람으로 성장한 Tarek에 따르면 정직과 자기 표현의 도구인 연기 경력을 계속하기로 결정했습니다. Tarek은 또한 심리학에 대한 배경 지식을 가지고 있으며 천문학에 매료되어 있으며 마음이 착하고 진실하며 아름다움을 사랑하며 성실한 예술을 통해 레바논을 빛으로 알리기를 희망합니다. Tarek은 독서를 취미로 생각하지 않고 오히려 필수로 생각하며 날마다 더 많이 배우고자 하는 지성인입니다. 촬영장에 있지 않거나 새로운 시를 쓰지 않을 때 Tarek은 사교적이고 사람들과 소통하는 것을 좋아하기 때문에 사회적 논쟁의 한가운데에 있을 수 있습니다. 산이나 가능한 모든 곳에서 확실히 춤을 추십시오 :)
arek Yaacoub is a Lebanese actor and poet who graduated from the Institute of Fine Arts, Branch II, with a diploma in dramatic arts in 2009. Tarek was born in 1983 in Kour al Batroun (north of Lebanon) where he spent his early childhood years before moving to Naccache at the age of 5. Since his early days, Tarek was passionate about reading, poetry writing as well as drawing. Growing as an extrovert who loves stars, beauty and poetry, Tarek decided to persevere in an acting career, according to him, a tool of honesty and self-expression. Tarek also has a background in psychology, he's fascinated by astronomy, he is kind-hearted, down to earth, loves beauty and hopes to bring Lebanon to the light through sincere art. Tarek does not consider reading a hobby, but rather a must, he's an intellectual eager to learn more and more every day. When he's not on set or writing new poems, you might find him in the middle of a social debate since Tarek is sociable and loves communicating with people, you might also find him in the middle of the ocean swimming, skiing on the top of a mountain or definitely dancing anywhere that's possible :)
Tarek has explored many acting fields, cinematic works, theatrical performances, poetry readings, short movies and several projects that built him years of experience, and made him who he is today, some are the following:


**************************************

제73회 칸영화제 공식 초청작이자 <피아니스트>를 잇는 새해 첫 감동 실화 <전장의 피아니스트>가 2022년 1월 6일 국내 관객들을 만난다. 영화 <전장의 피아니스트>는 총성이 울리는 전쟁터가 된 시리아를 떠나기 위해 마지막 희망인 피아노를 구해야만 하는 피아니스트 카림의 이야기를 담은 감동 실화 바탕 전쟁 드라마이다.

<전장의 피아니스트>는 여전히 현재 진행형인 시리아 내전의 비극을 생생하게 목도하는 작품이다. 시리아 내전은 2011년 3월, 시리아의 독재자 바샤르 알아사드 대통령의 퇴진을 요구하는 반정부 시위를 시작으로 수니파-시아파 간 이슬람 종파 갈등과 주변 아랍국가 및 국제 사회의 개입, 미국과 러시아의 대리전으로 비화하면서 10년째 계속되고 있다. 이는 전 세계적으로 갈등을 빚고 있는 난민 문제를 비롯해 38만 명 이상의 민간인 사망이라는 참혹한 결과를 낳았다. 

전쟁의 참상을 보다 사실적으로 담기 위해 <전장의 피아니스트>는 IS의 근거지이자 이라크와 IS의 최대 격전지였던 이라크 모술과 레바논을 오가며 촬영됐다. 레바논에서는 수천 명의 반정부 시위대가 베이루트 거리로 쏟아져 나와 촬영이 중단되었고, 스케줄을 전면 재조정해야 하는 어려움이 있었다. 또한, 후반 제작에 들어가면서는 레바논을 포함한 전 세계가 팬데믹에 빠져 큰 타격을 입었다. 하지만, 제작 과정에서 맞닥뜨린 이러한 장애물과 도전이 매우 특별한 경험이었다고 지미 케이루즈 감독은 전했다. 지금도 어디선가는 암울한 시대지만 희망을 잃지 않고 작업 활동을 이어가는 예술가들이 있기 때문이다. 감독은 “시리아에서 음악이 금지되었다는 사실을 처음 알았을 때 너무 충격을 받았고, 이 이야기를 영화로 만들겠다고 생각했다. 음악처럼 아름답고 순수한 것이 금지되는 것은 상상할 수도 없는 일이다. 이러한 상황에서도 계속 작업을 하는 예술가들을 보고, 많은 것이 사라져 가는 세상에서 그들이 지켜나가는 것은 예술뿐만이 아니라 인간성 그 자체라는 생각이 들었다. 음악과 예술은 인간의 공용어로서 전 세계에 희망의 메시지를 전달할 수 있다는 점도 매력적이었다”라며 진정성이 가득 담긴 영화의 제작 의도를 밝혔다. 

이처럼 영화 <전장의 피아니스트>는 전쟁의 한복판에서 삶과 죽음 사이를 위태롭게 가로지르는 피아니스트 카림의 긴박감 넘치는 이야기를 통해 희망을 노래하고자 한다. 총소리와 아기의 울음소리가 교차하고, 이웃과 친구들이 하루아침에 사라지거나 적이 되어 등을 돌리는 어두운 나날 속에서도 카림은 예술에 대한 꿈을 놓지 않고, 사람들은 저마다의 방식으로 평화와 일상을 되찾기 위한 싸움을 멈추지 않는다. 희망과 자유, 인간다운 삶을 위해 조용한 저항을 펼치는 이들을 위한 헌사이자 전쟁의 아픔을 위로하듯 울려 퍼지는 구원의 클래식 선율은 관객들의 가슴 깊이 스며들 것이다. 

영화 <전장의 피아니스트>는 레바논 출신 지미 케이루즈 감독이 2016년에 제작한 단편영화 <녹턴 인 블랙>을 장편화한 작품이다. <녹턴 인 블랙>은 미국 아카데미에서 주관하는 제43회 학생 아카데미 시상식에서 극영화 부문 최우수상, 제13회 볼더국제영화제에서 최우수 단편상을 수상하기도 했다. 탄탄한 단편을 기반으로 완성된 <전장의 피아니스트>는 제73회 칸영화제에 공식 초청되면서 전 세계의 주목을 받았으며 제93회 아카데미시상식 국제장편영화상과 음악상 부문에서 레바논 공식 후보로 선정되어 그 작품성을 입증했다. 여기에 <잉글리쉬 페이션트>로 제69회 아카데미시상식과 제54회 골든글로브시상식 음악상을 동시에 거머쥔 거장 가브리엘 야레가 음악을 맡아 영화의 품격을 한층 높였다.

현존하는 위대한 영화 음악 작곡가 중 한 명인 가브리엘 야레는 “영화의 소재뿐 아니라 지미 케이루즈 감독의 연출 방식과 아이디어를 이미지로 구상하는 방식에 놀랐다. 대본을 읽고 나서 즉시 작업에 참여하겠다고 말했다. 화염 한가운데에서 음악을 지지하는 마음으로 작곡했다”고 전했다. 

한편, 영화의 감동이 정점에 달한 마지막 장면에 흐르는 베토벤의 피아노 소나타 21번 ‘발트슈타인’은 지미 케이루즈 감독이 직접 선정한 곡인 것으로 알려졌다. 이슬람 극단주의 무장단체가 퍼붓는 무차별적인 총격 속에서 카림이 목숨을 걸고 피아노를 연주하는 엔딩신은 제2차 세계대전 유대인 피아니스트의 실제 이야기를 바탕으로 한 영화 <피아니스트>의 쇼팽 야상곡 연주 장면과 비견될 정도로 깊은 울림을 선사한다. 전쟁 실화에서 영감을 얻은 스토리와 피아니스트 주인공, 한 번 들으면 잊을 수 없는 피아노 연주 장면이 등장한다는 점에서 영화 <전장의 피아니스트>는 <피아니스트>를 잇는 웰메이드 전쟁 드라마로 자리매김할 예정이다. 

해외 평단에서는 <전장의 피아니스트>에 대해 “가장 어두운 곳에 희망의 빛을 비추는 영화”(Variety), “황폐한 전쟁터에서 휴머니즘을 발견하다”(The Wrap), “호소력 짙은 스토리텔링, 내전으로 인해 공포가 일상이 된 시리아의 아픔을 포착하다”(Screen Daily), “갈등의 한복판에서 조용한 저항과 미래에 대한 희망을 이야기하다”(Eye for film) 등 극찬을 쏟아낸 바 있다. 

출처 : 컬처타임즈(http://www.ctimes.co.kr)



 "
전투왕,"전투왕
감독
이상호
출연
이한열, 배은심, 이상호, 전두환
개봉
2022.02.17. 대한민국
리뷰보기


 







이상호 감독
2021








끝까지 끝나지 않을 전투










이제 사과의 당사자는 세상에 존재하지 않는다
육신은 없어졌지만 그의 정신은 고스란히 남아 사회 곳곳에 암약해 있다
보면 볼수록 화가 나고 울화가 치밀어 오르지만
어찌어찌 해볼 수 없는 무력감과 전투력은 반비례할 때도 있고 비례할 때도 있어서 헷갈린다

분명히 잘못된 일을 바로 잡는 일은 너무나 고통스럽고 힘겨운 시간을 동반한다"
존경하고 사랑하는 국민 여러분,"존경하고 사랑하는 국민 여러분
감독
김진홍
출연
김대중, 이재정, 유시민, 문성근, 이동형, 장영달, 민승연
개봉
2022.01.27. 대한민국
평점
리뷰보기

정말 초인 같으신분이시네요 다시 알게되어 진심 면목없고 놀랍고 죄송스럽고요 

존경 그 이상이시네요 

얼마나 사실을 조작하고 은폐했는지 왜 영호남분열과 누가 진정 빨갱이인지 아 열불납니다ㅠ

이시대에 모든분들이 보셨으면 정말 좋겠습니다 

정말 참 억울하게 돌아가시게된 모든분들 명복도요ㅠㅠ"
존경하고 사랑하는 국민 여러분,"영화 [존경하고 사랑하는 국민 여러분] 메인 예고편 : 2022.01 : 다큐멘터리



1971년 박정희에 당당히 맞선 정치 신인 대선 후보에서
1980년 전두환 신군부에게 사형 선고를 받은 사형수를 넘어
1997년 헌정사상 최초의 수평적 정권교체를 이루기까지
5차례의 죽음의 고비를 넘기며 독재 정권에 맞서 국민과 함께 싸운 김대중
그의 3전 4기 대권 도전사로 보는 한국 민주화 투쟁과 승리의 감동을 스크린으로 만난다!
2022.01 / 

감독: 김진홍

* 정보
https://movie.naver.com/movie/bi/mi/basic.naver?code=183780


* 영상이 유익하셨다면 '구독'과 '좋아요'를 눌러주세요~ 구독은 큰 힘이 됩니다. ^^




 "
존경하고 사랑하는 국민 여러분," 오는 26일 영화 <킹메이커>가 개봉을 앞둔 가운데, <킹메이커>와 하루 차이로 다큐멘터리 영화 <존경하고, 사랑하는 국민 여러분>이 개봉한다.

김대중 대통령의 목소리로 영화 내내 내레이션이 깔려 마치 그가 자신의 이야기를 관객들에게 전달하는 느낌을 준다. 하지만, 사실은 최바울의 성대모사다.

10·26사건의 이야기로 시작해 DJ의 사면복권과 비상계엄 선포, 김대중 총재의 체포 등의 이야기 순으로 이어진다.

또 정부에서 ‘한민통’을 통해 그가 광주에서 내란 음모를 했다며 누명을 씌운 이야기도 나온다.

영화 <킹메이커>에도 나오는 1967년 목포에서 국회의원에 당선된 이야기와 1970년 신민당 대통령 후보로 선출된 이야기는 물론 영·호남의 지역감정이 시작된 배경에 대한 이야기도 나온다.

다만, <킹메이커>에선 대구에 호남사람들이 대구에서 생산된 물건을 사지 않겠다는 현수막을 걸으며 지역감정이 시작된 것으로 묘사되지만, 이 작품에선 “호남인들이여 뭉쳐라”라는 현수막이 대구에 걸리면서 지역감정이 시작됐다고 말한다.

또 남로당(서울에서 결성된 공산당) 출신인 박정희가 당시 국민적 지지율이 높았던 DJ에게 ‘빨갱이’ 프레임을 씌운 것도 모자라서, 경상도 인구가 전라도 인구가 많다는 점을 이용해 전라도 전체를 북한과 동일시하며 지역감정을 조장했다고 말한다.

후반부엔 노태우 총재의 6·29선언과 5·18민주화운동 이후 7년 만인 1987년 9월 8일 DJ가 광주에 방문했을 때의 자료화면과 1997년 12월 그가 대권에 도전한 지 26년 만에 대통령에 당선된 이야기 등이 나온다.

<킹메이커>와 비교하자면 이야기의 범위가 더 넓다. 또 <킹메이커>는 상업영화라 역사적 사실을 일부 각색했으나, 이 작품은 다큐멘터리인 까닭에 각색하지 않은 ‘팩트’를 보여주기에 두 작품을 비교하면서 보면 더 재미있다.

유시민, 권노갑, 정동년, 문성근 등의 인터뷰를 통해 당시의 이야기를 잘 설명한다. 또, 평생 국민이 주인인 나라를 만들기 위해 온갖 고초를 겪은 인간 김대중을 잘 보여준다.

이 작품의 제목이기도 한 ‘존경하고, 사랑하는 국민 여러분’은 김대중 대통령의 취임사에서 따왔다. 오는 27일 개봉.

/마이스타 이경헌 기자

기사 원문보기 http://www.mystar.ne.kr/archives/9823
[마이스타] ‘킹메이커’와 같이 보면 재미↑
오는 26일 영화 가 개봉을 앞둔 가운데, 와 하루 차이로 다큐멘터리 영화 이 개봉한다. 김대중 대통령의 목소리로
www.mystar.ne.kr
존경하고 사랑하는 국민 여러분
감독
김진홍
출연
김대중, 이재정, 유시민, 문성근, 이동형, 장영달, 민승연
개봉
2022.01.27. 대한민국
리뷰보기
 "
주얼스 (JEWELS)," 
안녕하세요~ 바빌론입니다.
어느덧 봄 기운이 조금씩 느껴지는 3월을 맞이하고 있습니다.
건강 관리 잘 하시길 바랍니다.


바빌론이 이번에 작성할 후기는 지난 2022/02/26/MEGABOX 코엑스점/더 부티크 104호에서 <볼쇼이 발레 인 시네마:주얼스(Jewels)>공연실황을 관람하였는바, 이에 대한 주관적인 후기를 작성해 보려합니다.




-관람 전 코엑스점 로비에서-



(1) 개인적으로 작년 12월부터 MEGABOX에서 ""볼쇼이 발레 인 시네마 21/22"" 프로그램을 상영하고 있는바, 네번째 작품인 <주얼스>를 관람하기 위해 지난 26일 토요일 저녁, 삼성동 코엑스점으로 발길을 향했습니다.

참고로 위 작품의 경우, 큰 줄거리는 없는 반면 무용수들의 기량을 한껏 과시하면서 관객의 춤 보는 재미를 북돋는 등 짧은 볼거리 춤(디베르티스망, Divertissement)으로 구성된 3막 작품입니다.






예컨대 프랑스 파리의 우아함을 표현한 '에메랄드(Emeralds)' 1막, 미국 재즈풍의 현대적인 문화를 표현한 '루비(Rubies)' 2막, 마지막으로 러시아 상트페테르부르크의 클래식 발레를 표현한 '다이아몬드(Diamonds)' 3막까지 3개의 반짝이는 보석을 각기 다른 음악과 분위기, 의상 등 기존 줄거리가 있는 고전 발레 작품들의 전개와는 조금 다른 느낌의 작품이었습니다.






 -1막, 에메랄드-




-2막, 루비-



(2) '조지 발란신(George Balanchine)'의 안무로 주관적이지만 '발란신'이 뉴욕 보석상을 방문하여 보석에서 영감을 받아 안무를 창작한 점이 조금은 놀라웠으며 또한 각 보석을 표현한 무용수들의 의상 또한 시각적으로 매력적이었습니다. 그 중 백미(白眉)는 다이아몬드를 표현한 3막으로 남녀 무용수들의 독무(獨舞)와 군무(群舞)와의 조화가 가장 인상적이었습니다.




-3막, 다이아몬드-

 바빌론의 경우 작품 속 루비를 표현한 붉은색 의상의 신선함도 좋았지만 평소 흰색 발레 의상에 익숙해서인지 순백(純白)의 다이아몬드를 표현한 3막이 시각적으로 무용수들의 몸 동작들을 잘 볼 수 있었습니다.

한편으로는 볼쇼이 발레단이 요즘 국제 정세에서 자주 등장하는 러시아와 관련되어 있는바, 개인적으로 관람 후 상영관을 나오면서 나름 여러가지 생각들이 머릿속을 스쳐지나갔습니다.










(3) 주관적이지만 발레 작품으로만 보았을때 줄거리가 없는 점이 집중도 면에서 2% 아쉬움점이 없지 않아 있지만 한편으로는 발레 초심자들도 무용수들의 기량을 한 작품에서 짧지만 다양하게 즐길 수 있는 장점이 있는 발레 <주얼스>라고 생각합니다.

그러고보니 첫 작품 <스파르타쿠스>부터 정주행을 하고 있는바, 경험상 기존 메가박스에서 상영하고 있는 다른 클래식 콘텐츠 가령, 오페라에 비해 이번 ""볼쇼이 발레 인 시네마 21/22"" 프로그램의 경우 각 작품마다 중간 휴식시간이 나름 충분히 제공되는 점이 장점으로 오는 6월경 상영하는 이번 시즌 마지막 작품 <파라오의 딸>을 기대해 봅니다. 






하루 빨리 러시아와 우크라이나의 국제 관계가 안정되기를 바라며 기회되시면 오는 6월 볼쇼이 발레 공연실황 한 번 즐겨보시길 바랍니다. 그럼, 즐거운 발레 여행하세요~






-관람 후 코엑스점을 나오면서-




우리, 발레(Ballet) 데이트 해요~       

 "
주얼스 (JEWELS),"#주얼스 #주얼스_관람후기
#볼쇼이발레인시네마
#조지발란신
#위즈온센 
#2022.2.26~2.28
에메랄드, 루비, 다이아몬드
현대 발레의 거장 조지 발란신(1904~1983)은 어느날 뉴욕 5번가에 있는 유명 보석상 ‘반 클리프 앤 아펠(Van Cleef & Arpels)’을 방문했다. 그는 에메랄드, 루비, 다이아몬드 3가지 보석에 눈이 꽂혔다. 영롱한 자태에 감탄하고 있는데 퍼뜩 춤에 대한 영감이 솟아났다. 예술가들에게서 종종 나타나는 천재의 감이 발현된 것이다. 최초의 신고전주의 작품으로 평가받는 ‘주얼스(JEWELS)’는 이렇게 만들어졌다. 1967년 뉴욕시티발레단이 초연했다.
발레계의 블록버스터라 불리는 '주얼스'는 특별한 스토리 없이 음악과 무용수의 동작만으로 표현된 작품이다. 보석 3대장인 에메랄드와 루비, 다이아몬드의 이미지를 각기 다른 스타일의 발레로 표현해 3막으로 구성한 작품이다. 
1. 에메랄드
프랑스 파리의 우아함과 세련미를 보여준다. 19세기 프랑스 고전낭만발레에 프랑스 작곡가 가브리엘 포레의 두 음악 '펠리아스와 멜리장드', '샤일록'이 어우러진다. 무용수들은 긴 녹색 로맨틱 튜튜를 입고 곡선 위주의 팔동작과 섬세한 스텝을 선보이는데 마치 공기 중에 부유하듯 부드러운 동작이 로맨틱 발레의 정수를 보여준다. 
프랑스 파리는 정말 가고 싶은 도시이다. 에펠 탑, 루브르 박물관, 노트르담 대성당 등 역사를 보여주는 건축과 예술이 담겨있다. 프랑스 파리의 샹젤리제 거리는 명품으로 유명하다. 
에메랄드라는 말은 불어 ‘esmeraude’에서 온 것으로 그 어원은 다시 라틴어를 거쳐 그리 이스 어로 거슬러 올라가 ‘녹색 보석’을 뜻하는 ‘smaragdos’라는 단어에 있다. 에메랄드에 관련된 이야기는 너무나도 다양하다. 남아프리카의 고대 잉카와 아즈텍 문명(오늘날까지도 이 당시의 상질의 에메랄드가 발견되곤 한다)은 에메랄드를 성스러운 보석으로 숭배하였다. 그러나 에메랄드의 가장 오랜 역사는 홍해에서 비롯되었다고 볼 수 있다. 에메랄드 광산이 이미 기원전 3000년에서 1500년 사이에 이집트 파라오에 의해서 ‘클레오파트라의 광산’이라는 이름으로 건설되었다는 기록이 있으나 광산이 재발굴 되었을 때 에메랄드는 이미 고갈된 상태였다. 
에메랄드는 생명이며 영원히 계속될 봄의 칼라이다. 이번 공연은 에메랄드의 아름다움과 영원한 사랑을 보여준다. 
2. 루비
미국 뉴욕의 자유로움과 위트를 보여준다. 음악은 러시아 작곡가 이고르 스트라빈스키의 ‘피아노와 관현악을 위한 기상곡’을 사용했다. 재즈풍의 선율이 경쾌한 움직임을 돋보이게 했고, 남여 무용수 모두 직선적 동작이 많이 들어있어 톡톡 튀었다. 확실히 현대적이다. 
미국 뉴욕은 자유의 여신상, 엠파이어 스테이트 빌딩, 타임 스퀘어 등 자유롭고 현대적인 도시이다. 그리고 세계 금융의 중심 월스트리트가 있다. 역사와 현재가 공존하며, 세계 경제 문화의 트렌드에 중심에 있다.
루비는 루비란 보석이름은 빨간색을 의미하는 라틴어 루베르(Ruber)에서 유래되었다. 오랫동안 루비의 고향이라 하면 바로 인도를 가리키는 말이었다. 2000년 전부터 내려오는 인도의 고서들은 루비에 대한 매우 풍부하고 다양한 지식을 후대인들에게 남기고 있다. 루비의 종명인 ‘커런덤’이라는 이름 자체가 고대 인도 언어인 산스크리트어‘kuruvinda’에서 비롯된 것이며 루비는 고대 산스크리트 어로 ‘Ratnaraj’, 즉 ‘보석의 왕’이라는 뜻이다.
루비의 적색이 연상시키는 것은 불과 피이다. 이는 곧 뜨겁고, 정열적인 것과, 강력한 힘과 권위를 상징함을 의미한다.
3. 다이아몬드
러시아 상트페테르부르크의 순수하고 웅장한 눈의 궁전을 표현한다. 무용수들은 깔끔한 흰색 의상을 입었으며 ,표토르 차이콥스키의 ‘교향곡 3번’이 발레 동작과 어우러져 아름답고 위엄 있는 황실의 분위기를 떠올리게 했다.
3막의 하이라이트는 역시 살아있는 전설로 통하는 볼쇼이의 간판스타 발레리나 스베틀라나 자하로바의 등장이다. 유난히 길고 가는 팔다리, 가볍게 한들거리는 몸짓이 바로 눈앞에서 펼쳐진다. 가쁜 숨을 몰아쉬지만 얼굴에서 미소가 떠나지 않는 모습이 감동이다.
러시아 상트페테르부르크는 에레미타주 미술관, 에테르고프궁, 성 이삭 대성당 등 러시아 황제의 역사와 문화를 보여준다. 특히 러시아 볼쇼이 발레단은 세계적으로 유명한 발레단이다. 표트르 차이코프스키의 백조의 호수, 잠자는 숲속의 미녀 등의 작품을 공연하면서 아름다운 발레 공연을 펼친다.
다이아몬드는 아름다운 소망의 대상으로 오랜 역사를 가지고 있다. 다이아몬드는 극심한 열과 압력 하에서 지구 깊은 곳에서 형성된다. 기원전 800년 전에 인도에서 최초 발견되었다. 오래된 역사를 갖고 있는 다이아몬드는 불멸과 사랑을 의미한다.
- 내용 - 네이버 출처
파리의 우아함과 세련미를 표현한 ‘에메랄드’ 뉴욕의 빠르고 현대적인 문화를 상징하는 ‘루비’ 러시아 상트페테르부르크의 클래식 발레를 표현한 ‘다이아몬드’ 에메랄드, 루비, 다이아몬드 세 가지 반짝이는 보석을 각기 다른 음악과 분위기, 의상, 춤으로 표현한 3막으로 이뤄진 발레계의 블록버스터인 이 작품은 현대 발레의 거장 ‘조지 발란신’을 발레의 전설로 만드는 데 기여한 3개 무용학교의 스타일을 특징적으로 보여준다."
